VERSION,MEDRO,RS,CPT_TOT,CPT_BAR,CPT_BARN,CPT_EVO,INDIC
07.16.00.c.r01,CST,SECUET,4,2,0,0,0
07.16.00.c.r01,CST,CSTERR,83,3,0,6,1
07.16.00.c.r01,CST,SECUSO,2,1,0,0,0
07.00.00.a.r00,IMPOSITION,COMICM,9,0,0,3,0
07.00.00.a.r00,IMPOSITION,GAPACH,16,5,0,6,0
07.00.00.a.r00,IMPOSITION,RESMET,3,2,0,0,0
07.00.00.a.r00,IMPOSITION,SUPICM,9,0,0,3,0
07.00.00.a.r00,IMPOSITION,RESFIC,7,2,0,0,0
07.00.00.a.r00,IMPOSITION,ELOIST,2,1,0,1,0
07.00.00.a.r00,IMPOSITION,SOLIEX,3,0,0,1,0
07.00.00.a.r00,IMPOSITION,MAJREV,9,0,0,3,0
07.00.00.a.r00,IMPOSITION,AUSTTA,2,1,0,1,0
07.00.00.a.r00,IMPOSITION,IMPOTA,41,9,0,25,0
07.00.00.a.r00,IMPOSITION,ACMOCO,8,0,0,2,0
07.00.00.a.r00,IMPOSITION,ELOISP,35,16,1,18,0
07.00.00.a.r00,RESPO,RESPIN,7,0,0,2,1
07.00.00.a.r00,RESPO,RESPON,10,0,0,2,1
07.00.00.a.r00,RESPO,COCASO,1,0,0,0,0
07.12.00.b.r01,AOPER,AOPERA,6,0,0,0,1
07.12.00.b.r01,AOPER,CAMPAG,7,0,0,0,0
07.12.00.b.r01,AOPER,AOPERS,12,0,0,0,1
07.18.00.a.r01,COMICM,FORMAT,4,0,0,0,0
07.18.00.a.r01,SUPICM,RA_COM,1,1,0,0,0
07.18.00.a.r01,SUPICM,COMPTE,5,3,0,0,0
07.00.00.a.r00,INDEXDEG,SOLBAS,56,8,0,7,0
07.00.00.a.r00,INDEXDEG,IDEGRE,258,29,0,67,0
07.00.00.a.r00,INDEXDEG,COCASO,3,0,0,3,0
07.18.00.b.r01,AOPER,AOPERA,19,0,0,1,1
07.18.00.b.r01,AOPER,CAMPAG,16,1,0,2,0
07.18.00.b.r01,AOPER,AOPERS,36,2,0,5,1
07.00.00.a.r00,GESTION_DES_COTISATIONS,CNAFET,2,0,0,0,0
07.00.00.a.r00,GESTION_DES_COTISATIONS,CSGDDC,4,0,0,0,0
07.00.00.a.r00,GESTION_DES_COTISATIONS,FPAERO,1,0,0,0,0
07.00.00.a.r00,GESTION_DES_COTISATIONS,SOLIDA,1,0,0,0,0
07.00.00.a.r00,GESTION_DES_COTISATIONS,COFNAU,1,0,0,0,0
07.00.00.a.r00,GESTION_DES_COTISATIONS,CTMAYO,1,0,0,0,0
07.00.00.a.r00,GESTION_DES_COTISATIONS,READAD,1,0,0,0,0
07.00.00.a.r00,GESTION_DES_COTISATIONS,FORMAT,4,0,0,0,0
07.00.00.a.r00,GESTION_DES_COTISATIONS,MITFOC,1,0,0,0,0
07.00.00.a.r00,GESTION_DES_COTISATIONS,CSGNDC,6,0,0,0,0
07.00.00.a.r00,GESTION_DES_COTISATIONS,CSGNIM,4,0,0,0,0
07.00.00.a.r00,GESTION_DES_COTISATIONS,FPMILI,1,0,0,0,0
07.00.00.a.r00,GESTION_DES_COTISATIONS,PENSET,2,0,0,0,0
07.00.00.a.r00,GESTION_DES_COTISATIONS,SECUSO,32,6,0,4,0
07.00.00.a.r00,GESTION_DES_COTISATIONS,MITDCM,1,0,0,0,0
07.00.00.a.r00,GESTION_DES_COTISATIONS,MITSPC,1,0,0,0,0
07.00.00.a.r00,GESTION_DES_COTISATIONS,IRCVIE,1,0,0,0,0
07.00.00.a.r00,R¿¿gle_du_30¿¿me,COMICM,1,0,0,0,0
07.00.00.a.r00,R¿¿gle_du_30¿¿me,PFCOFM,1,0,0,0,0
07.00.00.a.r00,R¿¿gle_du_30¿¿me,PFALFA,1,0,0,0,0
07.00.00.a.r00,R¿¿gle_du_30¿¿me,BETONS,2,0,0,0,0
07.00.00.a.r00,R¿¿gle_du_30¿¿me,PAJABA,1,0,0,0,0
07.00.00.a.r00,R¿¿gle_du_30¿¿me,PENSIO,1,0,0,0,0
07.00.00.a.r00,R¿¿gle_du_30¿¿me,TRADAF,1,0,0,0,0
07.00.00.a.r00,R¿¿gle_du_30¿¿me,DPNOFF,1,0,0,0,0
07.00.00.a.r00,R¿¿gle_du_30¿¿me,ICMILI,1,0,0,0,0
07.00.00.a.r00,R¿¿gle_du_30¿¿me,IFGMED,1,0,0,0,0
07.00.00.a.r00,R¿¿gle_du_30¿¿me,PFARSN,1,0,0,0,0
07.00.00.a.r00,R¿¿gle_du_30¿¿me,SOLBAS,3,0,0,0,0
07.00.00.a.r00,R¿¿gle_du_30¿¿me,BRETIG,1,0,0,0,0
07.00.00.a.r00,R¿¿gle_du_30¿¿me,FORMAT,1,0,0,0,0
07.00.00.a.r00,R¿¿gle_du_30¿¿me,NBINDI,1,0,0,0,0
07.00.00.a.r00,R¿¿gle_du_30¿¿me,RUAMNC,1,0,0,0,0
07.00.00.a.r00,R¿¿gle_du_30¿¿me,COMPRI,1,0,0,0,0
07.00.00.a.r00,R¿¿gle_du_30¿¿me,ELOIG1,1,0,0,0,0
07.00.00.a.r00,CCS,CTMAYO,1,0,0,1,0
07.00.00.a.r00,CCS,RUAMNC,1,0,0,1,0
07.16.00.c.r01,CST,SOLTEC,2,0,0,2,0
07.16.00.c.r01,CST,SOLYCE,2,0,0,2,0
07.16.00.c.r01,CST,SOLBAS,2,0,0,2,0
07.16.00.c.r01,CST,SOLDIS,2,0,0,2,0
07.00.00.a.r00,PAIPART,PFA16R,1,0,0,0,0
07.00.00.a.r00,PAIPART,PFCORM,1,0,0,0,0
07.00.00.a.r00,PAIPART,PFRSFR,1,0,0,0,0
07.00.00.a.r00,PAIPART,PF16RI,1,0,0,0,0
07.00.00.a.r00,PAIPART,MAJREV,1,0,0,0,0
07.00.00.a.r00,PAIPART,PFRCMI,1,0,0,0,0
07.00.00.a.r00,PAIPART,PFIRSF,1,0,0,0,0
07.00.00.a.r00,IMPOSITION,SOLTEC,8,4,0,4,0
07.00.00.a.r00,IMPOSITION,PREPAT,16,5,1,4,0
07.00.00.a.r00,IMPOSITION,ELOSE1,2,0,1,1,0
07.00.00.a.r00,IMPOSITION,PREMAL,25,7,1,11,0
07.00.00.a.r00,IMPOSITION,ELOSE2,3,0,1,2,0
07.00.00.a.r00,IMPOSITION,SOLYCE,8,4,0,4,0
07.00.00.a.r00,IMPOSITION,PRESTI,16,5,1,4,0
07.00.00.a.r00,IMPOSITION,ELOSC2,3,0,1,2,0
07.00.00.a.r00,IMPOSITION,ELOSPE,3,0,1,2,0
07.00.00.a.r00,IMPOSITION,CSTERR,18,4,0,11,0
07.00.00.a.r00,IMPOSITION,SOLBAS,8,4,0,4,0
07.00.00.a.r00,IMPOSITION,SUFARE,3,0,0,1,0
07.00.00.a.r00,IMPOSITION,SOLDIS,8,4,0,4,0
07.00.00.a.r00,IMPOSITION,PREMAT,16,5,1,4,0
07.00.00.a.r00,IMPOSITION,ELOSPC,3,0,1,2,0
07.00.00.a.r00,IMPOSITION,MITDEC,1,0,0,1,0
07.00.00.a.r00,IMPOSITION,RUAMNC,2,0,0,2,0
07.00.00.a.r00,IMPOSITION,SETRIN,1,0,0,1,0
07.00.00.a.r00,IMPOSITION,SUFAMI,3,0,0,1,0
07.00.00.a.r00,IMPOSITION,COCASO,2,0,0,2,0
07.00.00.a.r00,IMPOSITION,ELOSC1,2,0,1,1,0
07.00.00.a.r00,IMPOSITION,ELOIG1,3,0,1,2,0
07.00.00.a.r00,IMPOSITION,ELOIG2,3,0,1,2,0
07.19.02.a.r01,ACMOBGEO,ACMOGE,45,0,0,14,1
07.00.00.a.r00,PMID,SOLBAS,2,0,0,0,0
07.00.00.a.r00,PMID,PMIDEP,16,0,0,0,1
07.00.00.a.r00,PMID,DIFFER,5,0,0,0,0
07.00.00.a.r00,PECDEP,SOLBAS,2,0,0,0,0
07.19.00.a.r01,PRIOSC,PRIOSC,384,7,0,27,1
07.19.00.a.r01,PRIOSC,SOLIDA,2,0,0,0,0
07.19.00.a.r01,PRIOSC,PRIOSM,20,0,0,0,1
07.00.00.a.r00,OPPOSITIONS,OP_FOP,6,1,0,2,0
07.00.00.a.r00,OPPOSITIONS,RETCIV,7,2,0,1,0
07.00.00.a.r00,OPPOSITIONS,OP_ALI,9,3,0,1,0
07.00.00.a.r00,OPPOSITIONS,OPPOSI,240,13,0,11,0
07.00.00.a.r00,OPPOSITIONS,OP_FAL,9,2,0,1,0
07.00.00.a.r00,OPPOSITIONS,ETUDES,7,2,0,1,0
07.00.00.a.r00,OPPOSITIONS,OP_AAL,10,2,0,0,0
07.00.00.a.r00,FNAL,MITNBI,1,0,0,0,0
07.00.00.a.r00,FNAL,SOLTEC,1,0,0,0,0
07.00.00.a.r00,FNAL,SOLYCE,1,0,0,0,0
07.00.00.a.r00,FNAL,SOLBAS,1,0,0,0,0
07.00.00.a.r00,FNAL,COFNAU,10,0,0,0,1
07.00.00.a.r00,FNAL,NBINDI,1,0,0,0,0
07.00.00.a.r00,DIFSMIC,SOLBAS,2,0,0,2,0
07.00.00.a.r00,DIFSMIC,DIFSMI,27,0,0,4,1
07.11.00.d.r01,TRAJ,FORMAT,2,0,0,0,0
07.00.00.a.r00,ABATIND,SEMAPH,2,0,0,2,0
07.00.00.a.r00,ABATIND,ABAREG,108,1,1,18,0
07.00.00.a.r00,ABATIND,SUFARE,1,0,0,0,0
07.00.00.a.r00,ABATIND,BETIND,1,0,0,1,0
07.00.00.a.r00,ABATIND,FORMAT,4,0,0,0,0
07.00.00.a.r00,ABATIND,SUFAMI,1,0,0,0,0
07.00.00.a.r00,ABATIND,ABAIND,160,4,2,13,0
07.00.00.a.r00,Gestion_de_la_r¿¿troactivit¿¿,CRDSOC,1,0,0,0,0
07.00.00.a.r00,Gestion_de_la_r¿¿troactivit¿¿,CRDSEX,1,0,0,0,0
07.00.00.a.r00,Gestion_de_la_r¿¿troactivit¿¿,FPAERO,2,0,0,2,0
07.00.00.a.r00,Gestion_de_la_r¿¿troactivit¿¿,RASAND,1,0,0,0,0
07.00.00.a.r00,Gestion_de_la_r¿¿troactivit¿¿,COFNAU,1,0,0,0,0
07.00.00.a.r00,Gestion_de_la_r¿¿troactivit¿¿,FISCET,1,0,0,0,0
07.00.00.a.r00,Gestion_de_la_r¿¿troactivit¿¿,CRDXPF,1,0,0,0,0
07.00.00.a.r00,Gestion_de_la_r¿¿troactivit¿¿,COCASO,1,0,0,0,0
07.00.00.a.r00,IAMSPE,PRIOSC,1,0,0,0,0
07.00.00.a.r00,IAMSPE,IAMSPE,33,0,0,1,0
07.00.00.a.r00,IAMSPE,SOLBAS,1,0,0,0,0
07.00.00.a.r00,DEDU,REPOPX,17,0,0,1,0
07.00.00.a.r00,DEDU,REPIRE,17,0,0,1,0
07.00.00.a.r00,DEDU,AEXETR,3,0,0,0,0
07.00.00.a.r00,DEDU,RA_ETR,4,0,0,1,0
07.15.00.a.r01,PFCOFA,PFRCNI,3,1,0,2,1
07.15.00.a.r01,PFCOFA,PFCOFM,10,1,0,3,1
07.15.00.a.r01,PFCOFA,PFALFA,2,0,1,0,0
07.15.00.a.r01,PFCOFA,PFRCDI,3,1,0,2,1
07.15.00.a.r01,PFCOFA,PFCFNI,8,0,0,1,1
07.15.00.a.r01,PFCOFA,PFCORN,5,2,0,3,1
07.15.00.a.r01,PFCOFA,PFCOFN,9,0,0,2,1
07.15.00.a.r01,PFCOFA,MAJETR,2,0,1,0,0
07.15.00.a.r01,PFCOFA,PFCOFD,6,0,0,2,1
07.15.00.a.r01,PFCOFA,COMPTE,51,0,0,0,0
07.15.00.a.r01,PFCOFA,PFCFDI,5,0,0,1,1
07.15.00.a.r01,PFCOFA,PFCFMI,8,1,0,1,1
07.18.01.a.r01,PFARS,PFALFA,8,0,0,3,0
07.18.00.a.r01,PAJE,PAJADI,1,0,0,0,1
07.18.00.a.r01,PAJE,PAJABA,10,0,0,0,1
07.18.00.a.r01,PAJE,PAJINA,1,0,0,0,1
07.18.00.a.r01,PAJE,PAJADO,3,0,0,0,1
07.18.00.a.r01,PAJE,PAJNAI,3,0,0,0,1
07.18.00.a.r01,PAJE,PAJABP,7,0,0,0,1
07.18.00.a.r01,PAJE,PAJAPI,1,0,0,0,1
07.18.00.a.r01,PAJE,COMPTE,49,0,0,0,0
07.18.00.a.r01,PAJE,PAJABI,1,0,0,0,1
07.17.00.d.r01,SUFE,RESETR,3,0,0,0,0
07.17.00.d.r01,SUFE,SUFETR,17,0,0,0,1
07.17.00.d.r01,SUFE,COMPTE,1,0,0,0,0
07.17.00.d.r01,SUFE,SUFAMI,1,0,0,0,0
07.15.00.a.r01,PFCOFA,PFCORM,2,0,0,1,1
07.15.00.a.r01,PFCOFA,FORMAT,2,0,0,0,0
07.15.00.a.r01,PFCOFA,PFRCMI,2,0,0,1,1
07.00.00.a.r00,PF_PAJE,PAJADI,2,0,0,0,0
07.00.00.a.r00,PF_PAJE,PAJABA,25,0,0,3,0
07.00.00.a.r00,PF_PAJE,PAJINA,2,0,0,0,0
07.00.00.a.r00,PF_PAJE,PAJADO,7,0,0,1,0
07.00.00.a.r00,PF_PAJE,PAJNAI,7,0,0,1,0
07.00.00.a.r00,PF_PAJE,PAJABP,18,1,0,2,0
07.00.00.a.r00,PF_PAJE,PAJAPI,3,1,0,1,0
07.00.00.a.r00,PF_PAJE,COMPTE,101,0,0,4,0
07.00.00.a.r00,PF_PAJE,PAJABI,3,0,0,1,0
07.00.00.a.r00,PFAJPP,PFAPCF,1,0,0,0,1
07.00.00.a.r00,PFAJPP,PFAPPA,1,0,0,0,1
07.00.00.a.r00,PFAJPP,COMPTE,1,0,0,0,0
07.00.00.a.r00,TV,RESETR,2,0,0,0,0
07.00.00.a.r00,TV,PENSIO,3,0,0,3,0
07.00.00.a.r00,TV,COMPTE,1,0,0,0,0
07.00.00.a.r00,TV,PENSET,1,0,0,1,0
07.00.00.a.r00,TV,REPRES,2,0,0,0,0
07.14.01.a.r01,TAOPC,FORMAT,2,0,0,0,0
07.00.00.a.r00,PF_PAJE,FORMAT,2,0,0,0,0
07.00.00.a.r00,PF_PAJE,PAJPAI,1,0,0,1,0
07.15.00.c.r01,PFAEEH,PFAIND,6,0,0,0,1
07.15.00.c.r01,PFAEEH,PFMAEH,13,2,4,3,0
07.15.00.c.r01,PFAEEH,PFAESR,3,1,0,1,1
07.15.00.c.r01,PFAEEH,PFCOMR,3,1,0,1,0
07.15.00.c.r01,PFAEEH,PFMAEI,10,2,3,1,0
07.15.00.c.r01,PFAEEH,PFMARE,3,1,0,1,0
07.15.00.c.r01,PFAEEH,PFCOIN,6,0,0,0,0
07.15.00.c.r01,PFAEEH,COMPTE,2,0,0,0,0
07.15.00.c.r01,PFAEEH,PFAESP,12,0,0,1,1
07.15.00.c.r01,PFAEEH,PFCOMA,19,0,0,0,0
07.00.00.a.r00,CCS,COCASO,14,1,0,4,1
07.00.00.a.r00,CCS,SECUSO,5,2,0,1,0
07.00.00.a.r00,MITHAS,MITNBI,31,0,0,1,0
07.00.00.a.r00,MITHAS,MSUIND,21,0,0,2,0
07.00.00.a.r00,MITHAS,RESMET,10,0,0,0,0
07.00.00.a.r00,MITHAS,MITTIC,17,0,0,0,0
07.00.00.a.r00,MITHAS,MTIIND,23,0,1,2,0
07.00.00.a.r00,MITHAS,SERVMA,115,0,0,9,0
07.00.00.a.r00,MITHAS,MITHAN,85,0,1,19,0
07.00.00.a.r00,MITHAS,MITSPI,17,0,0,0,0
07.00.00.a.r00,MITHAS,BOUMIT,44,3,3,0,0
07.00.00.a.r00,MITHAS,MITDIN,19,0,0,1,0
07.00.00.a.r00,MITHAS,MITFOR,57,0,0,2,0
07.00.00.a.r00,MITHAS,MITISS,71,1,2,19,0
07.00.00.a.r00,MITHAS,MTRIND,21,0,0,2,0
07.00.00.a.r00,MITHAS,MITSUJ,56,0,0,3,0
07.00.00.a.r00,MITHAS,SOLBAS,15,0,0,0,0
07.00.00.a.r00,MITHAS,MITFOI,19,0,0,1,0
07.00.00.a.r00,MITHAS,MITTII,17,0,0,0,0
07.00.00.a.r00,MITHAS,MITSUC,19,0,0,1,0
07.00.00.a.r00,MITHAS,MFOIND,19,0,0,1,0
07.00.00.a.r00,MITHAS,BOUMMA,34,2,3,0,0
07.00.00.a.r00,MITHAS,MITSPE,88,0,1,22,0
07.00.00.a.r00,MITHAS,MITDEC,64,0,0,4,0
07.00.00.a.r00,MITHAS,MITRAV,57,0,0,6,0
07.00.00.a.r00,MITHAS,MITFOC,19,0,0,1,0
07.00.00.a.r00,MITHAS,MITIND,22,0,0,1,0
07.00.00.a.r00,MITHAS,MTSIND,22,0,1,1,0
07.00.00.a.r00,MITHAS,INDMIT,27,0,1,1,0
07.00.00.a.r00,MITHAS,MITSPC,17,0,0,0,0
07.00.00.a.r00,MITHAS,MITSUI,19,0,0,1,0
07.14.02.a.r01,SMA,CAMPAG,3,0,0,0,0
07.14.02.a.r01,SMA,ISATA1,2,0,0,0,0
07.14.02.a.r01,SMA,SMARIN,117,1,7,17,1
07.14.02.a.r01,SMA,ISAPN2,2,0,0,0,0
07.14.02.a.r01,SMA,SOLBAS,6,0,0,0,0
07.14.02.a.r01,SMA,ATOMNU,2,0,0,0,0
07.14.02.a.r01,SMA,ISAPN1,2,0,0,0,0
07.14.02.a.r01,SMA,COMPTE,53,0,0,11,0
07.14.02.a.r01,SMA,ISATA2,2,0,0,0,0
07.14.02.a.r01,SMA,EMBQMT,2,0,0,0,0
07.14.02.a.r01,SMA,IJSAE1,3,0,0,1,0
07.14.02.a.r01,ISAPB,SOLTEC,3,0,0,2,0
07.14.02.a.r01,ISAPB,SOLYCE,3,0,0,2,0
07.14.02.a.r01,ISAPB,FORMAT,10,0,0,0,0
07.00.00.a.r00,COMPRIX,COMPTE,4,0,0,0,0
07.00.00.a.r00,COMPRIX,COMPRI,21,0,0,0,1
07.00.00.a.r00,ENQPRIX,ENQPRV,2,0,0,0,1
07.00.00.a.r00,ENQPRIX,COMPRI,3,0,0,2,0
07.00.00.a.r00,ENQPRIX,ENQIFS,2,0,0,0,1
07.17.00.b.r01,QAL54,QAGU54,1,0,0,0,1
07.17.00.b.r01,QAL54,QATP54,1,0,0,0,1
07.17.00.b.r01,QAL54,QRTP54,8,0,0,0,1
07.17.00.b.r01,QAL54,QAHT54,1,0,0,0,1
07.17.00.b.r01,QAL54,QAOF54,1,0,0,0,1
07.00.00.a.r00,COET,COETQU,2,0,0,0,1
07.00.00.a.r00,COET,ICMILI,2,0,0,0,0
07.18.00.b.r01,AOPER,FORMAT,4,0,0,0,0
07.00.00.a.r00,MITHAS,FORMAT,4,0,0,0,0
07.18.00.a.r01,SUPICM,FORMAT,3,0,0,0,0
07.14.01.a.r01,PENS,PENSIO,28,0,0,3,1
07.14.01.a.r01,PENS,PENSET,23,1,0,2,0
07.14.01.a.r01,PENS,PENSRE,13,5,1,6,0
07.18.00.b.r01,SCAPH,SCAPHA,2,0,0,0,1
07.18.00.b.r01,SCAPH,FORMAT,8,0,0,0,0
07.00.00.a.r00,MITHAS,MITDCI,14,0,0,3,0
07.00.00.a.r00,MITHAS,MITRAI,14,0,0,3,0
07.00.00.a.r00,MITHAS,MITAMH,12,0,0,2,0
07.00.00.a.r00,MITHAS,MITRAM,14,0,0,3,0
07.00.00.a.r00,MITHAS,MITAMI,12,0,0,2,0
07.00.00.a.r00,MITHAS,MITDCM,14,0,0,3,0
07.00.00.a.r00,Gestion_de_la_r¿¿troactivit¿¿,CAMPAG,5,0,0,1,0
07.00.00.a.r00,Gestion_de_la_r¿¿troactivit¿¿,PFALFA,3,0,0,0,0
07.00.00.a.r00,Gestion_de_la_r¿¿troactivit¿¿,OPPOSI,4,0,0,0,0
07.00.00.a.r00,Gestion_de_la_r¿¿troactivit¿¿,COMPTE,16,0,0,0,0
07.00.00.a.r00,Gestion_de_la_r¿¿troactivit¿¿,FORMAT,3,0,0,0,0
07.14.00.a.r01,MFE,MFE15A,20,0,0,2,1
07.14.00.a.r01,MFE,MFETRA,20,0,0,2,1
07.14.00.a.r01,MFE,RESETR,26,1,0,3,0
07.14.00.a.r01,MFE,SUFETR,20,1,0,1,0
07.14.00.a.r01,MFE,MFEREV,16,0,0,2,1
07.14.00.a.r01,MFE,SUFFIC,2,0,0,1,0
07.14.00.a.r01,MFE,SUFPCO,12,2,0,2,0
07.14.00.a.r01,MFE,MAJREV,205,4,3,43,1
07.14.00.a.r01,MFE,LOGETR,74,0,1,4,0
07.14.00.a.r01,MFE,MAJETR,191,4,1,36,1
07.14.00.a.r01,MFE,MFE10R,16,0,0,2,1
07.14.00.a.r01,MFE,COMPTE,17,3,1,0,0
07.14.00.a.r01,MFE,MFE15R,16,0,0,2,1
07.14.00.a.r01,MFE,MFE10A,20,0,0,2,1
07.20.00.c.r01,SUFE,RESETR,36,2,0,15,0
07.20.00.c.r01,SUFE,RESFIC,4,1,0,3,0
07.20.00.c.r01,SUFE,SUFETR,82,3,0,21,1
07.00.00.a.r00,CONGREC,READET,6,0,0,0,0
07.00.00.a.r00,CONGREC,RESMET,3,0,0,0,0
07.00.00.a.r00,CONGREC,READRE,12,0,0,0,1
07.00.00.a.r00,CONGREC,PENSIO,3,0,0,0,0
07.00.00.a.r00,CONGREC,VTAC_B,6,0,0,0,0
07.00.00.a.r00,CONGREC,ICMILI,3,0,0,0,0
07.00.00.a.r00,CONGREC,RECONV,3,0,0,0,0
07.00.00.a.r00,CONGREC,SOLBAS,9,0,0,0,0
07.00.00.a.r00,CONGREC,READAD,3,0,0,0,0
07.00.00.a.r00,CONGREC,RECONP,3,0,0,0,0
07.00.00.a.r00,CONGREC,SUFAMI,3,0,0,0,0
07.00.00.a.r00,CONGREC,CSGNIM,3,0,0,0,0
07.00.00.a.r00,CONGREC,MICMIL,3,0,0,0,0
07.00.00.a.r00,CONGREC,PENSET,6,0,0,0,0
07.00.00.a.r00,CONGREC,PENSRE,12,0,0,0,1
07.00.00.a.r00,CONGENT,RESETR,1,0,0,0,0
07.00.00.a.r00,CONGENT,READRE,1,0,0,0,0
07.00.00.a.r00,CONGENT,TRAJRB,1,0,0,0,0
07.00.00.a.r00,CONGENT,FPAERO,1,0,0,0,0
07.00.00.a.r00,CONGENT,FPAETA,1,0,0,0,0
07.00.00.a.r00,CONGENT,FPMETA,1,0,0,0,0
07.00.00.a.r00,CONGENT,PENSRE,1,0,0,0,0
07.00.00.a.r00,ICS,CONSPE,1,0,0,0,1
07.00.00.a.r00,ICS,IMPOTA,1,0,0,0,0
07.00.00.a.r00,RAFP,READET,15,0,0,0,0
07.00.00.a.r00,RAFP,READRE,5,0,0,0,0
07.00.00.a.r00,RAFP,PENSIO,1,0,0,0,0
07.00.00.a.r00,RAFP,READAD,24,0,0,0,0
07.00.00.a.r00,IMPOSITION,PECARR,21,6,0,6,0
07.00.00.a.r00,IMPOSITION,COSPSO,44,20,0,17,0
07.00.00.a.r00,IMPOSITION,FISCET,38,4,0,18,0
07.00.00.a.r00,IMPOSITION,ELOIRT,35,16,0,0,0
07.00.00.a.r00,IMPOSITION,IRCVIE,43,20,0,16,0
07.14.01.a.r01,TAOPC,TAOPCO,13,3,0,3,1
07.18.00.b.r01,PLONGE,PLONGE,118,0,1,3,1
07.00.00.a.r00,Gestion_des_trop_vers¿¿s,ICMILI,1,0,0,0,0
07.00.00.a.r00,Gestion_des_trop_vers¿¿s,SUFARE,7,0,0,0,0
07.00.00.a.r00,Gestion_des_trop_vers¿¿s,COMPTE,1,0,0,0,0
07.00.00.a.r00,Gestion_des_trop_vers¿¿s,FORMAT,1,0,0,0,0
07.00.00.a.r00,Gestion_des_trop_vers¿¿s,SUFAMI,5,0,0,0,0
07.00.00.a.r00,Gestion_des_trop_vers¿¿s,MICMIL,2,0,0,0,0
07.18.00.b.r01,SCAPH,PLONGE,6,2,0,1,0
07.00.00.a.r00,ABSIR,FORMAT,1,0,0,0,0
07.00.00.a.r00,LOGPREC,LOGMET,32,8,0,4,1
07.00.00.a.r00,LOGPREC,LOGOSC,35,8,0,4,1
07.00.00.a.r00,LOGPREC,LOGMES,32,8,0,4,1
07.00.00.a.r00,LOGPREC,LOGDOM,3,0,0,0,0
07.00.00.a.r00,QS,OPPOSI,35,0,0,2,0
07.00.00.a.r00,QS,COMPTE,5,0,0,0,0
07.00.00.a.r00,QS,MICMIL,6,0,0,0,0
07.00.00.a.r00,TV,CAMPAG,18,0,4,6,0
07.00.00.a.r00,TV,REPRET,3,0,0,1,0
07.00.00.a.r00,TV,CSTERR,5,0,0,2,0
07.00.00.a.r00,TV,ICMILI,5,0,0,0,0
07.00.00.a.r00,TV,SUFARE,79,0,0,5,0
07.00.00.a.r00,TV,FISCET,5,0,0,2,0
07.00.00.a.r00,TV,FORMAT,4,0,0,0,0
07.00.00.a.r00,TV,IMPOTA,5,0,0,2,0
07.00.00.a.r00,TV,SUFAMI,56,0,0,0,0
07.00.00.a.r00,TV,MICMIL,7,1,0,1,0
07.15.00.a.r01,PFARS,PFARSN,1,0,0,0,1
07.15.00.a.r01,PFARS,PFARSD,2,0,0,0,1
07.15.00.a.r01,PFARS,COMPTE,1,0,0,0,0
07.00.00.a.r00,ARP,AEXSBB,12,0,0,1,0
07.00.00.a.r00,ARP,APCSOL,10,0,0,1,0
07.00.00.a.r00,ARP,COMICM,16,0,0,5,0
07.00.00.a.r00,ARP,MFE15A,4,0,0,2,0
07.00.00.a.r00,ARP,MFETRA,4,0,0,2,0
07.00.00.a.r00,ARP,RA_EL1,8,0,0,3,0
07.00.00.a.r00,ARP,RA_OPX,8,0,0,3,0
07.00.00.a.r00,ARP,RESETR,12,0,0,4,0
07.00.00.a.r00,ARP,SUPICM,16,0,0,5,0
07.00.00.a.r00,ARP,ELOSE1,6,0,0,3,0
07.00.00.a.r00,ARP,RA_AET,2,0,0,0,0
07.00.00.a.r00,ARP,SUFETR,4,0,0,2,0
07.00.00.a.r00,ARP,ELOSE2,4,0,0,2,0
07.00.00.a.r00,ARP,AAIOPX,14,0,0,2,0
07.00.00.a.r00,ARP,ISATA1,4,0,0,2,0
07.00.00.a.r00,ARP,MFEREV,4,0,0,2,0
07.00.00.a.r00,ARP,PENSIO,4,0,0,2,0
07.00.00.a.r00,ARP,RA_DOM,8,0,0,3,0
07.00.00.a.r00,ARP,SMARIN,4,0,0,2,0
07.00.00.a.r00,ARP,ELOSC2,4,0,0,2,0
07.00.00.a.r00,ARP,ICMILI,4,0,0,2,0
07.00.00.a.r00,ARP,INTERE,8,0,0,3,0
07.00.00.a.r00,ARP,RA_EST,2,0,0,0,0
07.00.00.a.r00,ARP,RA_FPX,2,0,0,0,0
07.00.00.a.r00,ARP,RA_INT,8,0,0,3,0
07.00.00.a.r00,ARP,RA_SOL,2,0,0,0,0
07.00.00.a.r00,ARP,SOLBAS,4,0,0,2,0
07.00.00.a.r00,ARP,AEXESC,10,0,0,2,0
07.00.00.a.r00,ARP,APCAET,10,0,0,1,0
07.00.00.a.r00,ARP,FPAERO,4,0,0,2,0
07.00.00.a.r00,ARP,RA_AVE,9,0,0,3,0
07.00.00.a.r00,ARP,ACIAV2,12,0,0,2,0
07.00.00.a.r00,ARP,AEXFPX,10,0,0,1,0
07.00.00.a.r00,ARP,ELDOM1,10,0,0,4,0
07.00.00.a.r00,ARP,ISAPN1,4,0,0,2,0
07.00.00.a.r00,ARP,MFE10R,4,0,0,2,0
07.00.00.a.r00,ARP,RA_COM,8,0,0,3,0
07.00.00.a.r00,ARP,ACIAVE,12,0,0,2,0
07.00.00.a.r00,ARP,APFOPF,14,0,0,2,0
07.00.00.a.r00,ARP,ISSETR,12,0,0,4,0
07.00.00.a.r00,ARP,MFE15R,4,0,0,2,0
07.00.00.a.r00,ARP,RA_ESC,6,0,0,0,0
07.00.00.a.r00,ARP,RA_OPF,6,0,0,0,0
07.00.00.a.r00,ARP,ELOSC1,6,0,0,3,0
07.00.00.a.r00,ARP,AAIELO,13,0,0,2,0
07.00.00.a.r00,ARP,AEXEST,10,0,0,2,0
07.00.00.a.r00,ARP,APINTE,12,0,0,1,0
07.00.00.a.r00,ARP,FPMILI,4,0,0,2,0
07.00.00.a.r00,ARP,MFE10A,4,0,0,2,0
07.00.00.a.r00,ARP,RA_AV2,9,0,0,2,0
07.00.00.a.r00,ARP,RA_EL2,8,0,0,3,0
07.00.00.a.r00,ARP,RA_SBB,5,0,0,0,0
07.00.00.a.r00,ARP,RA_SUP,8,0,0,3,0
07.00.00.a.r00,ARP,REPRES,4,0,0,2,0
07.00.00.a.r00,ARP,SECUSO,4,0,0,2,0
07.00.00.a.r00,ARP,ELOIG1,10,0,0,4,0
07.00.00.a.r00,ARP,ELOIG2,8,0,0,3,0
07.00.00.a.r00,LOGDOM,LOGDOM,12,0,0,4,0
07.00.00.a.r00,GIPA,GAPACH,18,0,0,3,1
07.00.00.a.r00,GIPA,READET,8,0,0,1,0
07.00.00.a.r00,GIPA,DETACH,5,1,1,0,0
07.00.00.a.r00,GIPA,READAD,8,0,0,1,0
07.00.00.a.r00,QS,LOGDOM,18,0,0,4,0
07.00.00.a.r00,COMPTER,MFE15A,2,0,0,0,0
07.00.00.a.r00,COMPTER,MFETRA,2,0,0,0,0
07.00.00.a.r00,COMPTER,QAGU54,8,0,0,0,0
07.00.00.a.r00,COMPTER,QALI04,8,0,0,0,0
07.00.00.a.r00,COMPTER,RESETR,2,0,0,0,0
07.00.00.a.r00,COMPTER,RESMET,2,0,0,0,0
07.00.00.a.r00,COMPTER,SISP15,2,0,0,0,0
07.00.00.a.r00,COMPTER,QA04IN,4,0,0,0,0
07.00.00.a.r00,COMPTER,QALI76,8,0,0,0,0
07.00.00.a.r00,COMPTER,QATP54,8,0,0,0,0
07.00.00.a.r00,COMPTER,SERVMA,8,0,0,0,0
07.00.00.a.r00,COMPTER,SUFETR,2,0,0,0,0
07.00.00.a.r00,COMPTER,COSPSO,4,0,0,0,0
07.00.00.a.r00,COMPTER,IRCVIN,2,0,0,0,0
07.00.00.a.r00,COMPTER,ICMIND,4,0,0,0,0
07.00.00.a.r00,COMPTER,QALI68,8,0,0,0,0
07.00.00.a.r00,COMPTER,SISP10,2,0,0,0,0
07.00.00.a.r00,COMPTER,CSTERR,2,0,0,1,0
07.00.00.a.r00,COMPTER,ICMILI,10,0,0,0,0
07.00.00.a.r00,COMPTER,SOLBAS,10,0,0,0,0
07.00.00.a.r00,COMPTER,TAOPCO,8,0,0,0,0
07.00.00.a.r00,COMPTER,MAJDOM,2,0,0,0,0
07.00.00.a.r00,COMPTER,QRTP54,8,0,0,0,0
07.00.00.a.r00,COMPTER,AUSTTA,2,0,0,0,0
07.00.00.a.r00,COMPTER,QALI64,8,0,0,0,0
07.00.00.a.r00,COMPTER,SISM10,2,0,0,0,0
07.00.00.a.r00,COMPTER,COSPIN,2,0,0,0,0
07.00.00.a.r00,COMPTER,COMPTE,29,0,0,1,1
07.00.00.a.r00,COMPTER,ISSETR,2,0,0,0,0
07.00.00.a.r00,COMPTER,MAJIND,2,0,0,0,0
07.00.00.a.r00,COMPTER,SERVIC,8,0,0,0,0
07.00.00.a.r00,COMPTER,SUFAMI,8,0,0,0,0
07.00.00.a.r00,COMPTER,MFE10A,2,0,0,0,0
07.00.00.a.r00,COMPTER,QAHT54,8,0,0,0,0
07.00.00.a.r00,COMPTER,QAOF54,8,0,0,0,0
07.00.00.a.r00,COMPTER,SOLDIN,4,0,0,0,0
07.00.00.a.r00,COMPTER,SUFIND,4,0,0,0,0
07.00.00.a.r00,COMPTER,IRCVIE,4,0,0,0,0
07.20.00.c.r01,DEPOM,DEPOMC,83,6,0,18,1
07.20.00.c.r01,DEPOM,DEPOEP,97,7,0,22,1
07.20.00.c.r01,DEPOM,DEPOME,86,6,0,19,1
07.17.00.a.r01,DPNO,DPNOFF,12,0,0,3,1
07.17.00.a.r01,DPNO,SOLBAS,5,0,0,2,0
07.14.01.a.r01,CAMP,CAMPAG,72,7,0,12,1
07.14.01.a.r01,CAMP,CSCHMI,2,0,0,0,0
07.14.01.a.r01,CAMP,COMPTE,10,0,0,3,0
07.17.00.a.r01,INSMET,MFEME2,64,0,0,8,1
07.17.00.a.r01,INSMET,MFEME3,36,0,0,3,1
07.17.00.a.r01,INSMET,EPMET1,150,6,2,61,1
07.17.00.a.r01,INSMET,EPMET2,108,0,1,51,1
07.17.00.a.r01,INSMET,MFCME3,35,0,0,3,1
07.17.00.a.r01,INSMET,MFEME1,84,0,0,10,1
07.17.00.a.r01,INSMET,COMPTE,12,2,1,2,0
07.17.00.a.r01,INSMET,EPMET3,80,0,1,29,1
07.17.00.a.r01,INSMET,MFCME2,45,0,0,7,1
07.17.00.a.r01,INSMET,REINST,3,0,0,0,0
07.17.00.a.r01,INSMET,MFCME1,58,0,0,8,1
07.14.02.a.r01,ISAPB,ISAPBA,36,1,0,12,1
07.14.02.a.r01,ISAPB,MITNBI,15,0,0,0,0
07.14.02.a.r01,ISAPB,NBIIND,5,0,0,0,0
07.14.02.a.r01,ISAPB,SOLBAS,11,4,0,2,0
07.14.02.a.r01,ISAPB,NBINDI,10,0,0,0,0
07.14.02.a.r01,ISAPB,SERVIC,16,1,0,5,0
07.00.00.a.r00,MITHAN,MITHAN,68,0,1,0,1
07.00.00.a.r00,MITHAN,INDMIT,12,0,0,0,1
07.18.00.a.r01,COMICM,COMICM,496,36,3,56,1
07.18.00.a.r01,COMICM,SUPICM,20,2,0,1,0
07.18.00.a.r01,COMICM,ICMIND,15,0,0,3,0
07.18.00.a.r01,COMICM,COMIND,54,3,0,11,1
07.18.00.a.r01,COMICM,ICMILI,12,2,0,3,0
07.18.00.a.r01,COMICM,DIFFER,24,3,0,5,0
07.18.00.a.r01,COMICM,RA_COM,28,8,0,5,1
07.00.00.a.r00,PAIPART,PF14RI,4,0,0,0,0
07.00.00.a.r00,PAIPART,PFMARI,4,0,0,0,0
07.00.00.a.r00,PAIPART,PFRCNI,4,0,0,0,0
07.00.00.a.r00,PAIPART,SUFRED,4,0,0,0,0
07.00.00.a.r00,PAIPART,PFRCDI,4,0,0,0,0
07.00.00.a.r00,PAIPART,SUFRIN,4,0,0,0,0
07.00.00.a.r00,PAIPART,MFEREV,4,0,0,0,0
07.00.00.a.r00,PAIPART,PFCORD,4,0,0,0,0
07.00.00.a.r00,PAIPART,PFCORN,4,0,0,0,0
07.00.00.a.r00,PAIPART,SIM10R,4,0,0,0,0
07.00.00.a.r00,PAIPART,PFASFR,4,0,0,0,0
07.00.00.a.r00,PAIPART,PFCORI,4,0,0,0,0
07.00.00.a.r00,PAIPART,SUFARE,4,0,0,0,0
07.00.00.a.r00,PAIPART,SUINBD,4,0,0,0,0
07.00.00.a.r00,PAIPART,SUNBIR,4,0,0,0,0
07.00.00.a.r00,PAIPART,SUNBRI,4,0,0,0,0
07.00.00.a.r00,PAIPART,PFAESR,4,0,0,0,0
07.00.00.a.r00,PAIPART,PFALRI,4,0,0,0,0
07.00.00.a.r00,PAIPART,PFCOMR,4,0,0,0,0
07.00.00.a.r00,PAIPART,PFMARE,4,0,0,0,0
07.00.00.a.r00,PAIPART,RASAND,4,0,0,0,0
07.00.00.a.r00,PAIPART,RASATU,4,0,0,0,0
07.00.00.a.r00,PAIPART,SIP10R,4,0,0,0,0
07.00.00.a.r00,PAIPART,MFE10R,4,0,0,0,0
07.00.00.a.r00,PAIPART,PFACRE,4,0,0,0,0
07.00.00.a.r00,PAIPART,PFALFR,4,0,0,0,0
07.00.00.a.r00,PAIPART,PRESUR,4,0,0,0,0
07.00.00.a.r00,PAIPART,SUNBRD,4,0,0,0,0
07.00.00.a.r00,PAIPART,MFE15R,4,0,0,0,0
07.00.00.a.r00,PAIPART,PFARIN,4,0,0,0,0
07.00.00.a.r00,PAIPART,PFSFRI,4,0,0,0,0
07.00.00.a.r00,PAIPART,SIP15R,4,0,0,0,0
07.00.00.a.r00,PAIPART,PFA14R,4,0,0,0,0
07.00.00.a.r00,PAIPART,PFACRI,4,0,0,0,0
07.00.00.a.r00,PAIPART,SUINRD,4,0,0,0,0
07.18.00.a.r01,SUPICM,COMICM,25,5,0,7,0
07.18.00.a.r01,SUPICM,SUPICM,390,39,3,60,1
07.18.00.a.r01,SUPICM,ICMIND,12,0,0,3,0
07.18.00.a.r01,SUPICM,ICMILI,9,0,0,4,0
07.18.00.a.r01,SUPICM,SUPIND,46,4,0,13,1
07.18.00.a.r01,SUPICM,DIFFER,22,4,0,6,0
07.18.00.a.r01,SUPICM,RA_SUP,18,7,0,5,1
07.00.00.a.r00,AVAE,MAJEXT,8,2,2,0,0
07.00.00.a.r00,AVAE,MFE15A,8,0,2,0,0
07.00.00.a.r00,AVAE,MFETRA,8,0,2,0,0
07.00.00.a.r00,AVAE,RESETR,24,2,0,0,0
07.00.00.a.r00,AVAE,RA_AET,10,0,0,1,1
07.00.00.a.r00,AVAE,SUFETR,8,2,0,0,0
07.00.00.a.r00,AVAE,ISATA1,8,2,2,0,0
07.00.00.a.r00,AVAE,MFEREV,8,0,2,0,0
07.00.00.a.r00,AVAE,PENSIO,8,4,0,0,0
07.00.00.a.r00,AVAE,SMARIN,8,2,2,0,0
07.00.00.a.r00,AVAE,ICMILI,8,2,0,0,0
07.00.00.a.r00,AVAE,ISAPN2,8,2,2,0,0
07.00.00.a.r00,AVAE,SOLBAS,8,0,0,0,0
07.00.00.a.r00,AVAE,APCAET,20,0,0,2,1
07.00.00.a.r00,AVAE,FPAERO,8,2,2,0,0
07.00.00.a.r00,AVAE,RA_AVE,36,0,0,0,1
07.00.00.a.r00,AVAE,ACIAV2,35,0,0,1,1
07.00.00.a.r00,AVAE,ISAPN1,8,2,2,0,0
07.00.00.a.r00,AVAE,MFE10R,8,0,2,0,0
07.00.00.a.r00,AVAE,ACIAVE,44,0,0,3,1
07.00.00.a.r00,AVAE,ISATA2,8,2,2,0,0
07.00.00.a.r00,AVAE,MFE15R,8,0,2,0,0
07.00.00.a.r00,AVAE,FPMILI,8,4,0,0,0
07.00.00.a.r00,AVAE,MFE10A,8,0,2,0,0
07.00.00.a.r00,AVAE,RA_AV2,28,0,0,0,1
07.00.00.a.r00,AVAE,REPRES,8,4,0,0,0
07.00.00.a.r00,AVAE,SECUSO,8,4,0,0,0
07.17.00.a.r01,INSMET,COMICM,1,0,0,1,0
07.17.00.a.r01,INSMET,SOLBAS,14,4,0,6,0
07.13.00.c.r01,CAMP,CAMPAG,18,0,0,1,1
07.13.00.c.r01,CAMP,CSCHMI,1,0,0,0,0
07.13.00.c.r01,CAMP,COMPTE,8,0,0,0,0
07.18.00.a.r01,COMICM,COMPTE,9,3,0,3,0
07.00.00.a.r00,RUAM_CERUAM,OPPOSI,3,0,0,1,0
07.00.00.a.r00,RUAM_CERUAM,RUAMET,16,0,1,2,0
07.00.00.a.r00,RUAM_CERUAM,RUAMNC,85,4,1,39,0
07.00.00.a.r00,QS,LOGTOM,6,0,0,1,0
07.00.00.a.r00,QS,LOGTOD,6,0,0,1,0
07.00.00.a.r00,INDEXP,SOLIDA,1,0,0,0,0
07.00.00.a.r00,INDEXP,SECUSO,2,0,0,0,0
07.00.00.a.r00,CRDS,CRDSOC,28,1,0,2,1
07.00.00.a.r00,CRDS,SECUET,6,3,0,0,0
07.00.00.a.r00,CRDS,PAJINA,2,0,0,1,0
07.00.00.a.r00,CRDS,SOLYCE,2,1,0,0,0
07.00.00.a.r00,CRDS,CRDSEX,16,1,0,2,1
07.00.00.a.r00,CRDS,PAJNAI,2,0,0,1,0
07.00.00.a.r00,CRDS,CRDSPF,11,0,0,1,1
07.00.00.a.r00,CRDS,SOLDIS,6,1,0,2,0
07.00.00.a.r00,CRDS,RUAMET,2,1,0,0,0
07.00.00.a.r00,CRDS,CTMAYO,3,0,0,1,0
07.00.00.a.r00,CRDS,CRDXPF,12,1,0,6,1
07.00.00.a.r00,CRDS,RUAMNC,4,1,0,0,0
07.00.00.a.r00,CRDS,SECUSO,9,3,0,1,0
07.18.00.b.r01,CAMP,CAMPAG,105,0,0,19,1
07.18.00.b.r01,CAMP,CSCHMI,4,0,0,0,0
07.18.00.b.r01,CAMP,COMPTE,28,0,0,1,0
07.19.01.a.r01,FISC,FISCET,61,1,0,20,1
07.00.00.a.r00,DISPORENOV,PFAPCF,1,0,0,1,0
07.00.00.a.r00,DISPORENOV,CMEDOM,1,0,0,1,0
07.00.00.a.r00,DISPORENOV,AAIOPX,1,0,0,1,0
07.00.00.a.r00,DISPORENOV,CEPIDO,1,0,0,1,0
07.00.00.a.r00,DISPORENOV,PENSIO,1,0,0,1,0
07.00.00.a.r00,DISPORENOV,CMCIDO,1,0,0,1,0
07.00.00.a.r00,DISPORENOV,RECONV,1,0,0,0,0
07.00.00.a.r00,DISPORENOV,SOLBAS,1,0,0,1,0
07.00.00.a.r00,DISPORENOV,APCAET,1,0,0,1,0
07.00.00.a.r00,DISPORENOV,CEPDOM,1,0,0,1,0
07.00.00.a.r00,DISPORENOV,PMIDEP,1,0,0,0,0
07.00.00.a.r00,DISPORENOV,CMCDOM,1,0,0,1,0
07.00.00.a.r00,DISPORENOV,ACIAVE,1,0,0,1,0
07.00.00.a.r00,DISPORENOV,AAIELO,1,0,0,1,0
07.00.00.a.r00,DISPORENOV,CMEIDO,1,0,0,1,0
07.00.00.a.r00,DISPORENOV,PENSET,1,0,0,1,0
07.00.00.a.r00,ARP,REPOPX,1,0,0,0,0
07.00.00.a.r00,ARP,REPIRE,1,0,0,0,0
07.16.01.a.r01,CSG,CSGXNI,7,0,0,0,1
07.16.01.a.r01,CSG,SECUET,3,0,0,0,0
07.16.01.a.r01,CSG,SOLYCE,1,0,0,0,0
07.16.01.a.r01,CSG,PRESTI,20,0,0,3,0
07.16.01.a.r01,CSG,CSGXDE,7,0,0,0,1
07.16.01.a.r01,CSG,SOLDIS,24,0,0,3,0
07.16.01.a.r01,CSG,CSGDDC,24,0,0,0,1
07.16.01.a.r01,CSG,RUAMET,1,0,0,0,0
07.16.01.a.r01,CSG,CTMAYO,2,0,0,1,0
07.16.01.a.r01,CSG,RUAMNC,2,0,0,0,0
07.16.01.a.r01,CSG,CSGNDC,24,0,0,0,1
07.16.01.a.r01,CSG,CSGNIM,32,0,0,0,1
07.16.01.a.r01,CSG,CSGXND,6,0,0,0,1
07.16.01.a.r01,CSG,SECUSO,5,0,0,1,0
07.00.00.a.r00,SECU,CSGXNI,1,0,0,0,0
07.00.00.a.r00,SECU,CRDSOC,1,0,0,0,0
07.00.00.a.r00,SECU,SECUET,15,0,0,0,0
07.00.00.a.r00,SECU,CRDSEX,1,0,0,0,0
07.00.00.a.r00,SECU,CSGXDE,1,0,0,0,0
07.00.00.a.r00,SECU,CSGDDC,1,0,0,0,0
07.00.00.a.r00,SECU,LOGETR,1,0,0,0,0
07.00.00.a.r00,SECU,RUAMET,1,0,0,0,0
07.00.00.a.r00,SECU,RUAMNC,1,0,0,0,0
07.00.00.a.r00,SECU,CSGNDC,1,0,0,0,0
07.00.00.a.r00,SECU,CSGNIM,1,0,0,0,0
07.00.00.a.r00,SECU,CSGXND,1,0,0,0,0
07.00.00.a.r00,SECU,SECUSO,16,0,0,0,1
07.17.00.d.r01,MFE,MFE15A,4,0,0,0,1
07.17.00.d.r01,MFE,MFETRA,4,0,0,0,1
07.17.00.d.r01,MFE,RESETR,1,0,0,0,0
07.17.00.d.r01,MFE,MFEREV,3,0,0,0,1
07.17.00.d.r01,MFE,SUFPCO,3,0,0,0,0
07.17.00.d.r01,MFE,MAJREV,9,0,0,0,1
07.17.00.d.r01,MFE,MAJETR,10,0,0,0,1
07.17.00.d.r01,MFE,MFE10R,3,0,0,0,1
07.17.00.d.r01,MFE,COMPTE,9,0,0,2,0
07.17.00.d.r01,MFE,MFE15R,3,0,0,0,1
07.17.00.d.r01,MFE,MFE10A,4,0,0,0,1
07.00.00.a.r00,Gestion_des_imputations_budg¿¿taires,COMICM,8,1,0,2,0
07.00.00.a.r00,Gestion_des_imputations_budg¿¿taires,RA_OPX,8,0,0,1,0
07.00.00.a.r00,Gestion_des_imputations_budg¿¿taires,SISP15,32,3,1,6,0
07.00.00.a.r00,Gestion_des_imputations_budg¿¿taires,SUPICM,6,1,0,1,0
07.00.00.a.r00,Gestion_des_imputations_budg¿¿taires,CAMPAG,112,7,1,14,0
07.00.00.a.r00,Gestion_des_imputations_budg¿¿taires,SECUET,7,0,0,1,0
07.00.00.a.r00,Gestion_des_imputations_budg¿¿taires,AAIOPX,13,1,0,1,0
07.00.00.a.r00,Gestion_des_imputations_budg¿¿taires,PENSIO,14,0,0,2,0
07.00.00.a.r00,Gestion_des_imputations_budg¿¿taires,SIM10R,16,2,1,2,0
07.00.00.a.r00,Gestion_des_imputations_budg¿¿taires,SISP10,32,3,1,6,0
07.00.00.a.r00,Gestion_des_imputations_budg¿¿taires,SUFPCO,10,0,0,2,0
07.00.00.a.r00,Gestion_des_imputations_budg¿¿taires,COMIND,6,1,0,1,0
07.00.00.a.r00,Gestion_des_imputations_budg¿¿taires,RA_FPX,8,0,0,1,0
07.00.00.a.r00,Gestion_des_imputations_budg¿¿taires,AEXESC,10,1,0,0,0
07.00.00.a.r00,Gestion_des_imputations_budg¿¿taires,FPAERO,14,0,0,2,0
07.00.00.a.r00,Gestion_des_imputations_budg¿¿taires,SIP10R,16,2,1,2,0
07.00.00.a.r00,Gestion_des_imputations_budg¿¿taires,SUPIND,6,1,0,1,0
07.00.00.a.r00,Gestion_des_imputations_budg¿¿taires,AEXFPX,13,1,0,1,0
07.00.00.a.r00,Gestion_des_imputations_budg¿¿taires,RA_COM,6,1,0,1,0
07.00.00.a.r00,Gestion_des_imputations_budg¿¿taires,SISM10,32,3,1,6,0
07.00.00.a.r00,Gestion_des_imputations_budg¿¿taires,LOGDOM,7,0,0,1,0
07.00.00.a.r00,Gestion_des_imputations_budg¿¿taires,APFOPF,13,1,0,1,0
07.00.00.a.r00,Gestion_des_imputations_budg¿¿taires,COMPTE,38,4,1,7,0
07.00.00.a.r00,Gestion_des_imputations_budg¿¿taires,ISSETR,32,2,0,6,0
07.00.00.a.r00,Gestion_des_imputations_budg¿¿taires,RA_OPF,8,0,0,1,0
07.00.00.a.r00,Gestion_des_imputations_budg¿¿taires,SIP15R,16,2,1,2,0
07.00.00.a.r00,Gestion_des_imputations_budg¿¿taires,AEXEST,10,1,0,0,0
07.00.00.a.r00,Gestion_des_imputations_budg¿¿taires,RA_SUP,6,1,0,1,0
07.18.01.a.r01,PFARS,PFARSN,49,2,0,10,1
07.18.01.a.r01,PFARS,PFARSD,60,4,0,18,1
07.18.01.a.r01,PFARS,COMPTE,2,0,0,0,0
07.00.00.a.r00,QUOTITE_SAISISSABLE,LOGTOM,8,0,0,0,0
07.00.00.a.r00,QUOTITE_SAISISSABLE,OPPOSI,4,0,0,0,0
07.00.00.a.r00,QUOTITE_SAISISSABLE,LOGTOD,8,0,0,0,0
07.00.00.a.r00,QUOTITE_SAISISSABLE,LOGDOM,8,0,0,0,0
07.00.00.a.r00,QUOTITE_SAISISSABLE,COMPTE,3,0,0,0,0
07.00.00.a.r00,QUOTITE_SAISISSABLE,MICMIL,2,0,0,0,0
07.00.00.a.r00,Gestion_des_imputations_budg¿¿taires,FORMAT,10,0,0,0,0
07.20.00.c.r01,SUFE,SUFFIC,12,2,0,4,0
07.20.00.c.r01,SUFE,SUFARE,5,0,0,2,0
07.20.00.c.r01,SUFE,COMPTE,1,0,0,0,0
07.20.00.c.r01,SUFE,SUFAMI,6,0,0,2,0
07.11.01.a.r02,ELOI,DEPOMC,2,0,0,2,0
07.11.01.a.r02,ELOI,RA_EL1,14,0,0,13,1
07.11.01.a.r02,ELOI,ELOIST,5,0,0,1,1
07.11.01.a.r02,ELOI,SOLBAS,1,0,0,1,0
07.11.01.a.r02,ELOI,COMPTE,2,0,1,1,0
07.11.01.a.r02,ELOI,DEPOME,2,0,0,2,0
07.11.01.a.r02,ELOI,FORMAT,1,0,0,1,0
07.11.01.a.r02,ELOI,AAIELO,7,0,0,3,1
07.11.01.a.r02,ELOI,RA_EL2,3,1,0,1,1
07.00.00.a.r00,Centres_de_co¿¿t,SUFPCO,1,0,0,1,0
07.00.00.a.r00,Gestion_schema_comptable,COMPTE,5,0,0,1,0
07.00.00.a.r00,Gestion_schema_comptable,PSIESS,6,0,0,1,0
07.00.00.a.r00,CONGADM,COMICM,11,0,0,6,0
07.00.00.a.r00,CONGADM,RESETR,9,0,0,3,0
07.00.00.a.r00,CONGADM,SUPICM,11,0,0,6,0
07.00.00.a.r00,CONGADM,DIFFER,26,1,0,15,0
07.15.00.b.r01,PAJE,PAJADI,3,0,0,0,1
07.15.00.b.r01,PAJE,PAJABA,45,0,0,1,1
07.15.00.b.r01,PAJE,PAJINA,3,0,0,0,1
07.15.00.b.r01,PAJE,PAJADO,15,0,0,0,1
07.15.00.b.r01,PAJE,PAJNAI,22,0,0,0,1
07.15.00.b.r01,PAJE,PAJPAR,19,0,0,3,1
07.15.00.b.r01,PAJE,PAJABP,27,0,0,3,1
07.15.00.b.r01,PAJE,PAJAPI,6,0,0,3,1
07.15.00.b.r01,PAJE,PAJPAM,7,0,0,0,1
07.15.00.b.r01,PAJE,PAJPMI,3,0,0,0,1
07.15.00.b.r01,PAJE,COMPTE,3,0,1,0,0
07.15.00.b.r01,PAJE,FORMAT,35,0,0,0,0
07.15.00.b.r01,PAJE,PAJPAI,3,0,0,0,1
07.15.00.b.r01,PAJE,PAJABI,6,0,0,0,1
07.19.01.a.r01,ACMOBCONJ,ACMOCO,6,0,0,1,1
07.15.01.a.r01,ASANDIC,RASAND,11,0,0,0,1
07.15.01.a.r01,ASANDIC,COMPTE,1,0,0,0,0
07.15.01.a.r01,ASANDIC,FORMAT,2,0,0,0,0
07.15.01.a.r01,ASANDIC,ASANDI,63,0,0,0,1
07.11.00.d.r01,TRAJ,DETACH,4,4,0,0,0
07.11.00.d.r01,TRAJ,TRAJRB,34,2,0,12,1
07.00.00.a.r00,CRDS,SOLIEX,1,0,0,0,0
07.00.00.a.r00,CRDS,SOLIDA,1,0,0,0,0
07.00.00.a.r00,CRDS,COCASO,2,0,0,2,0
07.00.00.a.r00,CRDS,IRCVIE,1,0,0,0,0
07.16.01.a.r01,CSG,COSPSO,1,0,0,0,0
07.16.01.a.r01,CSG,RESPIN,1,0,0,0,0
07.16.01.a.r01,CSG,FORCON,1,0,0,0,0
07.16.01.a.r01,CSG,BETIND,1,0,0,0,0
07.16.01.a.r01,CSG,RESPON,1,0,0,0,0
07.16.01.a.r01,CSG,COCASO,1,0,0,1,0
07.16.01.a.r01,CSG,IRCVIE,1,0,0,0,0
07.00.00.a.r00,GESTION_DES_COTISATIONS,CPSAUT,3,0,0,1,0
07.00.00.a.r00,GESTION_DES_COTISATIONS,READET,1,0,0,0,0
07.00.00.a.r00,GESTION_DES_COTISATIONS,MITTIC,1,0,0,0,0
07.00.00.a.r00,GESTION_DES_COTISATIONS,SECUET,26,4,0,2,0
07.00.00.a.r00,GESTION_DES_COTISATIONS,MITAMH,1,0,0,0,0
07.00.00.a.r00,GESTION_DES_COTISATIONS,COSPSO,1,0,0,0,0
07.00.00.a.r00,GESTION_DES_COTISATIONS,PENSIO,3,0,0,0,0
07.00.00.a.r00,GESTION_DES_COTISATIONS,RESPIN,1,0,0,0,0
07.00.00.a.r00,GESTION_DES_COTISATIONS,FORCON,1,0,0,0,0
07.00.00.a.r00,GESTION_DES_COTISATIONS,SOLBAS,2,0,0,2,0
07.00.00.a.r00,GESTION_DES_COTISATIONS,MITRAM,1,0,0,0,0
07.00.00.a.r00,GESTION_DES_COTISATIONS,MITSUC,1,0,0,0,0
07.19.00.c.r01,INSDOM,ELDOM3,39,0,0,8,1
07.19.00.c.r01,INSDOM,ELOIST,1,1,0,0,0
07.19.00.c.r01,INSDOM,MAJIC2,6,0,0,0,1
07.19.00.c.r01,INSDOM,MAJIE1,8,0,0,0,1
07.19.00.c.r01,INSDOM,RA_DOM,2,0,0,0,1
07.19.00.c.r01,INSDOM,CMCIDO,2,0,0,0,1
07.19.00.c.r01,INSDOM,MAJFE2,19,0,0,1,1
07.19.00.c.r01,INSDOM,MAJIC3,3,0,0,0,1
07.19.00.c.r01,INSDOM,MAJIE2,6,0,0,0,1
07.19.00.c.r01,INSDOM,MAJIE3,3,0,0,0,1
07.19.00.c.r01,INSDOM,SOLBAS,16,0,0,1,0
07.19.00.c.r01,INSDOM,CEPDOM,14,0,0,1,1
07.19.00.c.r01,INSDOM,CSGDDC,1,0,0,1,0
07.19.00.c.r01,INSDOM,DEPOEP,1,0,0,1,0
07.19.00.c.r01,INSDOM,ELIDO2,6,0,0,0,1
07.19.00.c.r01,INSDOM,MAJDOM,1,0,0,1,0
07.19.00.c.r01,INSDOM,MAJFE1,22,0,0,1,1
07.19.00.c.r01,INSDOM,MAJFE3,11,0,0,1,1
07.19.00.c.r01,INSDOM,CMCDOM,7,0,0,1,1
07.19.00.c.r01,INSDOM,ELDOM1,50,0,0,5,1
07.19.00.c.r01,INSDOM,DEPOME,1,0,0,1,0
07.19.00.c.r01,INSDOM,FORMAT,2,0,0,0,0
07.19.00.c.r01,INSDOM,MAJFC1,22,0,0,1,1
07.19.00.c.r01,INSDOM,MAJFC2,18,0,0,1,1
07.19.00.c.r01,INSDOM,MAJIND,1,0,0,1,0
07.19.00.c.r01,INSDOM,NBINDI,3,0,0,0,0
07.19.00.c.r01,INSDOM,ELOIRT,1,1,0,0,0
07.19.00.c.r01,INSDOM,CMEIDO,2,0,0,0,1
07.19.00.c.r01,INSDOM,CSGNDC,1,0,0,1,0
07.19.00.c.r01,INSDOM,CSGNIM,1,0,0,1,0
07.19.00.c.r01,INSDOM,ELIDO3,3,0,0,0,1
07.19.00.c.r01,INSDOM,MAJFC3,11,0,0,1,1
07.19.00.c.r01,INSDOM,MAJIC1,8,0,0,0,1
07.21.00.c.r01,ACMOBCONJ,FORMAT,4,0,0,0,0
07.21.00.c.r01,ACMOBCONJ,ACMOCO,11,0,0,1,1
07.21.00.c.r01,ACMOBCONJ,CSGNIM,2,0,0,1,0
07.00.00.a.r00,IMPOSITION,DEPOMC,1,0,0,1,0
07.00.00.a.r00,IMPOSITION,ELDOM2,1,0,0,1,0
07.00.00.a.r00,IMPOSITION,IDOMRT,1,0,0,1,0
07.00.00.a.r00,IMPOSITION,PRESUF,4,0,1,1,0
07.00.00.a.r00,IMPOSITION,CMEDOM,1,0,0,1,0
07.00.00.a.r00,IMPOSITION,ELDOM3,1,0,0,1,0
07.00.00.a.r00,IMPOSITION,PRIOSC,1,0,0,0,0
07.00.00.a.r00,IMPOSITION,IPRMAJ,2,0,0,1,0
07.00.00.a.r00,IMPOSITION,MAJFE2,1,0,0,1,0
07.00.00.a.r00,IMPOSITION,CEPDOM,1,0,0,1,0
07.00.00.a.r00,IMPOSITION,CSGDDC,7,0,0,4,0
07.00.00.a.r00,IMPOSITION,DEPOEP,1,0,0,1,0
07.00.00.a.r00,IMPOSITION,MAJDOM,1,0,0,1,0
07.00.00.a.r00,IMPOSITION,MAJFE1,1,0,0,1,0
07.00.00.a.r00,IMPOSITION,MAJFE3,1,0,0,1,0
07.00.00.a.r00,IMPOSITION,RUAMET,1,0,0,1,0
07.00.00.a.r00,IMPOSITION,CMCDOM,1,0,0,1,0
07.00.00.a.r00,IMPOSITION,ELDOM1,1,0,0,1,0
07.00.00.a.r00,IMPOSITION,IPRDIF,2,0,0,1,0
07.00.00.a.r00,IMPOSITION,COMPTE,1,0,0,0,0
07.00.00.a.r00,IMPOSITION,DEPOME,1,0,0,1,0
07.00.00.a.r00,IMPOSITION,MAJFC1,1,0,0,1,0
07.00.00.a.r00,IMPOSITION,MAJFC2,1,0,0,1,0
07.00.00.a.r00,IMPOSITION,MAJIND,1,0,0,1,0
07.00.00.a.r00,IMPOSITION,PREASI,1,0,1,0,0
07.00.00.a.r00,IMPOSITION,CSGNDC,1,0,0,1,0
07.00.00.a.r00,IMPOSITION,CSGNIM,1,0,0,1,0
07.00.00.a.r00,IMPOSITION,MAJFC3,1,0,0,1,0
07.00.00.a.r00,IMPOSITION,PCHANG,1,0,0,0,0
07.00.00.a.r00,PLS,FORMAT,2,0,0,0,0
07.19.01.a.r01,COMICM,COMICM,145,2,0,14,1
07.19.01.a.r01,COMICM,RESETR,1,0,0,0,0
07.19.01.a.r01,COMICM,SUPICM,16,0,0,9,0
07.19.01.a.r01,COMICM,DETACH,4,0,0,2,0
07.19.01.a.r01,COMICM,ICMIND,3,0,0,0,0
07.19.01.a.r01,COMICM,COMIND,17,0,0,0,1
07.19.01.a.r01,COMICM,ICMILI,4,0,0,0,0
07.19.01.a.r01,COMICM,SUPIND,3,0,0,1,0
07.19.01.a.r01,COMICM,DIFFER,4,0,0,0,0
07.19.01.a.r01,COMICM,RA_COM,1,0,0,0,1
07.19.01.a.r01,COMICM,COMPTE,1,0,0,0,0
07.19.01.a.r01,COMICM,FORMAT,2,0,0,0,0
07.19.01.a.r01,SUPICM,COMICM,32,0,0,14,0
07.19.01.a.r01,SUPICM,RESETR,1,0,0,0,0
07.19.01.a.r01,SUPICM,SUPICM,116,1,0,9,1
07.19.01.a.r01,SUPICM,DETACH,4,0,0,2,0
07.19.01.a.r01,SUPICM,ICMIND,3,0,0,0,0
07.19.01.a.r01,SUPICM,COMIND,2,0,0,0,0
07.19.01.a.r01,SUPICM,ICMILI,4,0,0,0,0
07.19.01.a.r01,SUPICM,SUPIND,18,1,0,1,1
07.19.01.a.r01,SUPICM,DIFFER,4,0,0,0,0
07.19.01.a.r01,SUPICM,COMPTE,1,0,0,0,0
07.19.01.a.r01,SUPICM,FORMAT,2,0,0,0,0
07.19.01.a.r01,SUPICM,RA_SUP,1,0,0,0,1
07.00.00.a.r00,ISAPN,ISAPN2,13,0,0,0,0
07.00.00.a.r00,ISAPN,SOLBAS,3,0,0,0,0
07.00.00.a.r00,ISAPN,FPAERO,1,0,0,0,0
07.00.00.a.r00,ISAPN,ISAPN1,17,0,0,0,0
07.00.00.a.r00,ISAPN,FORMAT,2,0,0,0,0
07.00.00.a.r00,ISAPN,SERVIC,4,0,0,0,0
07.19.01.a.r01,MICM,MICMIL,1,0,0,1,1
07.20.01.a.r01,FISC,PE_PAS,1,1,0,0,0
07.20.01.a.r01,FISC,FISCET,90,10,1,12,1
07.20.01.a.r01,FISC,FORMAT,4,0,0,0,0
07.15.00.b.r01,PFASF,PFSFIN,1,0,0,0,1
07.15.00.b.r01,PFASF,PFRSFR,3,0,0,0,1
07.15.00.b.r01,PFASF,PFSFRE,2,0,0,0,1
07.15.00.b.r01,PFASF,PFASFR,4,0,0,0,1
07.15.00.b.r01,PFASF,PFASFA,3,0,0,0,1
07.15.00.b.r01,PFASF,COMPTE,6,0,0,0,0
07.15.00.b.r01,PFASF,FORMAT,2,0,0,0,0
07.15.00.b.r01,PFASF,PFSFRI,3,0,0,0,1
07.15.00.b.r01,PFASF,PFISFR,1,0,0,0,1
07.15.00.b.r01,PFASF,PFIRSF,3,0,0,0,1
07.20.00.a.r01,ASATUDE,RASATU,4,1,0,1,1
07.20.00.a.r01,ASATUDE,COMPTE,1,0,0,0,0
07.20.00.a.r01,ASATUDE,FORMAT,2,0,0,0,0
07.20.00.a.r01,ASATUDE,ASANDI,7,0,0,7,0
07.20.00.a.r01,ASATUDE,ASATUD,58,1,0,11,1
07.20.00.a.r01,PRCF,PRCFID,3,0,0,3,1
07.20.00.a.r01,PRCF,FORMAT,2,0,0,0,0
07.20.00.a.r01,PRCF,MARECH,1,0,0,1,0
07.00.00.a.r00,DEDU,FORMAT,2,0,0,0,0
07.20.00.a.r01,ENGA97,DETACH,3,0,0,1,0
07.20.00.a.r01,ENGA97,ENGAPS,17,0,0,0,1
07.20.00.a.r01,ENGA97,ENGAPI,24,0,0,3,1
07.20.00.a.r01,ENGA97,ENGAPA,9,0,0,0,1
07.20.00.a.r01,ENGA97,FORMAT,2,0,0,0,0
07.20.00.b.r01,MAJDOM,MAJDOM,113,0,6,0,1
07.20.00.b.r01,MAJDOM,COMPTE,2,0,0,0,0
07.20.00.b.r01,MAJDOM,FORMAT,4,0,0,0,0
07.20.00.b.r01,MAJDOM,MAJIND,14,0,1,0,1
07.00.00.a.r00,CONGFC,CAMPAG,1,0,0,0,0
07.00.00.a.r00,CONGFC,MAJDOM,1,0,0,0,0
07.00.00.a.r00,CONGFC,FORMAT,2,0,0,0,0
07.19.02.a.r01,ACMOBGEO,CSGDDC,1,0,0,1,0
07.19.02.a.r01,ACMOBGEO,CSGNDC,1,0,0,1,0
07.19.02.a.r01,ACMOBGEO,ABAIND,1,0,0,1,0
07.19.02.a.r01,COSP,MAJDOM,2,0,0,2,0
07.19.02.a.r01,IRCV,MAJDOM,2,0,0,2,0
07.20.00.c.r01,ICM,COETQU,3,0,0,1,0
07.20.00.c.r01,ICM,DETACH,1,0,0,0,0
07.20.00.c.r01,ICM,ICMIND,5,0,0,1,1
07.20.00.c.r01,ICM,ISATA1,1,0,0,0,0
07.20.00.c.r01,ICM,ICMILI,14,0,0,3,1
07.20.00.c.r01,ICM,ISAPN2,1,0,0,0,0
07.20.00.c.r01,ICM,SOLBAS,3,0,0,0,0
07.20.00.c.r01,ICM,MAJDOM,2,0,1,1,0
07.20.00.c.r01,ICM,ISAPN1,1,0,0,0,0
07.20.00.c.r01,ICM,COMPTE,3,0,0,0,0
07.20.00.c.r01,ICM,FORMAT,2,0,0,0,0
07.20.00.c.r01,ICM,ISATA2,1,0,0,0,0
07.20.00.c.r01,ICM,FPMILI,2,0,0,1,0
07.20.00.c.r01,ICM,IJSAE1,1,0,0,0,0
07.18.00.c.r01,FORFCONG,FORMCO,4,0,0,0,1
07.18.00.c.r01,FORFCONG,FORM02,4,0,0,0,1
07.18.00.c.r01,FORFCONG,FORP12,4,0,0,0,1
07.18.00.c.r01,FORFCONG,FORM12,3,0,0,0,1
07.18.00.c.r01,FORFCONG,FORMAT,2,0,0,0,0
07.20.00.c.r01,SUFE,RESMET,2,0,0,2,0
07.20.00.c.r01,ELOI,DEPOMC,1,0,0,1,0
07.20.00.c.r01,ELOI,RA_EL1,8,0,0,0,1
07.20.00.c.r01,ELOI,ELOIST,9,0,0,1,1
07.20.00.c.r01,ELOI,SOLBAS,9,1,0,4,0
07.20.00.c.r01,ELOI,DEPOME,1,0,0,0,0
07.20.00.c.r01,ELOI,FORMAT,2,0,0,0,0
07.20.00.c.r01,ELOI,AAIELO,5,0,0,0,1
07.20.00.c.r01,ELOI,RA_EL2,2,0,0,0,1
07.20.00.c.r01,DEPOM,FORMAT,2,0,0,0,0
07.19.01.a.r01,ICM,COETQU,3,0,0,1,0
07.19.01.a.r01,ICM,DETACH,1,0,0,0,0
07.19.01.a.r01,ICM,ICMIND,18,1,0,13,1
07.19.01.a.r01,ICM,ISATA1,1,0,0,0,0
07.19.01.a.r01,ICM,ICMILI,32,0,0,21,1
07.19.01.a.r01,ICM,ISAPN2,1,0,0,0,0
07.19.01.a.r01,ICM,MAJDOM,2,0,1,1,0
07.19.01.a.r01,ICM,ISAPN1,1,0,0,0,0
07.19.01.a.r01,ICM,COMPTE,2,1,0,0,0
07.19.01.a.r01,ICM,FORMAT,2,0,0,0,0
07.19.01.a.r01,ICM,ISATA2,1,0,0,0,0
07.19.01.a.r01,ICM,FPMILI,1,0,0,0,0
07.19.01.a.r01,ICM,IJSAE1,1,0,0,0,0
07.00.00.a.r00,MITHAS,SERVIC,4,0,0,0,0
07.20.00.r.r01,SUFA,SUFRED,1,0,0,0,1
07.20.00.r.r01,SUFA,SUFRIN,1,0,0,0,1
07.20.00.r.r01,SUFA,SUFARE,1,0,0,0,1
07.20.00.r.r01,SUFA,PRESUR,1,0,0,0,1
07.20.00.r.r01,SUFA,SUFAMI,1,0,0,0,1
07.20.00.r.r01,SUFA,SUFIND,1,0,0,0,1
07.20.00.r.r01,SUFA,SUINRD,1,0,0,0,1
07.19.00.c.r01,QAL54,QAGU54,11,0,0,0,1
07.19.00.c.r01,QAL54,QALI76,1,0,0,0,0
07.19.00.c.r01,QAL54,QATP54,7,0,0,0,1
07.19.00.c.r01,QAL54,SOLBAS,8,4,0,4,0
07.19.00.c.r01,QAL54,QRTP54,4,0,0,0,1
07.19.00.c.r01,QAL54,FORMAT,2,0,0,0,0
07.19.00.c.r01,QAL54,LANGET,1,0,0,0,0
07.19.00.c.r01,QAL54,QAHT54,7,0,0,0,1
07.19.00.c.r01,QAL54,QAOF54,14,0,0,4,1
07.21.00.b.r01,NBI,NBIIND,2,0,0,0,1
07.21.00.b.r01,NBI,SUNBIN,2,0,0,0,0
07.21.00.b.r01,NBI,SUINBD,2,0,0,0,0
07.21.00.b.r01,NBI,SUNBIR,2,0,0,0,0
07.21.00.b.r01,NBI,SUNBRI,2,0,0,0,0
07.21.00.b.r01,NBI,SUNBRD,2,0,0,0,0
07.21.00.b.r01,NBI,NBINDI,2,0,0,0,1
07.21.00.b.r01,NBI,SUFNBI,2,0,0,0,0
07.20.01.a.r02,FORM,FORMAT,30,0,2,10,1
07.20.01.a.r02,FORM,RECRUT,37,1,2,11,1
07.19.00.a.r01,PRIOSC,SOLBAS,1,0,0,0,0
07.21.00.b.r01,SECCIV,CAMPAG,1,0,0,0,0
07.21.00.b.r01,SECCIV,SECCIV,10,0,0,0,1
07.21.00.b.r01,SECCIV,FORMAT,2,0,0,0,0
07.14.01.a.r01,PENS,DETACH,2,0,0,0,0
07.14.01.a.r01,PENS,CSTERR,1,0,0,1,0
07.14.01.a.r01,PENS,IMPOTA,3,0,0,3,0
07.20.03.a.r01,SUPISSE,SISP15,6,0,0,0,1
07.20.03.a.r01,SUPISSE,CRDSOC,1,0,0,1,0
07.20.03.a.r01,SUPISSE,SIM10R,6,0,0,0,1
07.20.03.a.r01,SUPISSE,SISP10,6,0,0,0,1
07.20.03.a.r01,SUPISSE,SIP10R,6,0,0,0,1
07.20.03.a.r01,SUPISSE,SISM10,6,0,0,0,1
07.20.03.a.r01,SUPISSE,COMPTE,4,0,0,0,0
07.20.03.a.r01,SUPISSE,FORMAT,2,0,0,0,0
07.20.03.a.r01,SUPISSE,ISSETR,6,0,0,0,0
07.20.03.a.r01,SUPISSE,SERVIC,1,0,0,0,0
07.20.03.a.r01,SUPISSE,SIP15R,6,0,0,0,1
07.20.03.a.r01,SUPISSE,CSGNIM,1,0,0,1,0
07.00.00.a.r00,CONGBLESS,REPRET,1,0,0,1,0
07.00.00.a.r00,MAERO,ISSABO,1,0,1,0,0
07.17.00.c.r01,RESE,RESETR,35,0,0,5,1
07.17.00.c.r01,RESE,RESMET,4,0,1,3,0
07.17.00.c.r01,RESE,REPRET,1,0,0,1,0
07.17.00.c.r01,RESE,RESFIC,10,0,0,3,0
07.17.00.c.r01,RESE,FORMAT,2,0,0,0,0
07.14.00.a.r01,MFE,REPRET,1,0,0,1,0
07.14.00.a.r01,MFE,ABAIND,1,0,0,0,0
07.00.00.a.r00,AVAE,CRDSOC,2,0,2,0,0
07.00.00.a.r00,AVAE,MAJREV,2,0,2,0,0
07.00.00.a.r00,AVAE,CSGDDC,2,0,2,0,0
07.00.00.a.r00,AVAE,SOLIDA,2,0,2,0,0
07.00.00.a.r00,AVAE,MAJETR,2,0,2,0,0
07.00.00.a.r00,AVAE,CSGNDC,2,0,2,0,0
07.00.00.a.r00,AVAE,CSGNIM,2,0,2,0,0
07.00.00.a.r00,CONGADM,DETACH,4,0,0,3,0
07.00.00.a.r00,CONGADM,FORMAT,2,0,0,0,0
07.18.00.a.r01,PLONGE,PLONGE,104,19,1,13,1
07.18.00.a.r01,PLONGE,FORMAT,2,0,0,0,0
07.18.01.r.r01,COMICM,COMICM,129,1,0,5,1
07.18.01.r.r01,COMICM,RESETR,1,0,0,1,0
07.18.01.r.r01,COMICM,SUPICM,7,0,0,1,0
07.18.01.r.r01,COMICM,DETACH,2,0,0,0,0
07.18.01.r.r01,COMICM,ICMIND,3,0,0,0,0
07.18.01.r.r01,COMICM,COMIND,17,0,0,0,1
07.18.01.r.r01,COMICM,ICMILI,4,0,0,2,0
07.18.01.r.r01,COMICM,SUPIND,2,0,0,0,0
07.18.01.r.r01,COMICM,DIFFER,4,0,0,0,0
07.18.01.r.r01,COMICM,RA_COM,1,0,0,0,1
07.18.01.r.r01,COMICM,FORMAT,2,0,0,0,0
07.18.01.r.r01,SUPICM,COMICM,18,0,0,1,0
07.18.01.r.r01,SUPICM,RESETR,1,0,0,1,0
07.18.01.r.r01,SUPICM,SUPICM,105,0,0,5,1
07.18.01.r.r01,SUPICM,DETACH,2,0,0,0,0
07.18.01.r.r01,SUPICM,ICMIND,3,0,0,0,0
07.18.01.r.r01,SUPICM,COMIND,2,0,0,0,0
07.18.01.r.r01,SUPICM,ICMILI,4,0,0,2,0
07.18.01.r.r01,SUPICM,SUPIND,18,0,0,0,1
07.18.01.r.r01,SUPICM,DIFFER,4,0,0,0,0
07.18.01.r.r01,SUPICM,COMPTE,1,0,0,0,0
07.18.01.r.r01,SUPICM,FORMAT,2,0,0,0,0
07.18.01.r.r01,SUPICM,RA_SUP,1,0,0,0,1
07.18.00.b.r01,AOPER,CAMPSP,1,0,0,1,0
07.18.00.b.r01,AOPER,CAMPAC,1,0,0,0,0
07.18.00.b.r01,AOPER,CAMPAS,1,0,0,0,0
07.18.01.r.r01,CAMP,CAMPSP,21,7,0,10,1
07.18.01.r.r01,CAMP,CAMPAG,61,9,1,10,1
07.18.01.r.r01,CAMP,SMARIN,1,0,0,0,0
07.18.01.r.r01,CAMP,COFSMA,2,0,0,2,0
07.18.01.r.r01,CAMP,CAMPAC,9,0,0,1,1
07.18.01.r.r01,CAMP,CSCHMI,3,0,0,2,0
07.18.01.r.r01,CAMP,COMPTE,3,3,0,0,0
07.18.01.r.r01,CAMP,FORMAT,2,0,0,0,0
07.18.01.r.r01,CAMP,CAMPAS,9,0,0,1,1
07.18.00.b.r01,PLONGE,FORMAT,2,0,0,0,0
07.00.00.a.r00,REGLE_DU_30¿¿me,COMICM,1,0,0,0,0
07.00.00.a.r00,REGLE_DU_30¿¿me,ISAPBA,1,0,0,0,0
07.00.00.a.r00,REGLE_DU_30¿¿me,PFCOFM,1,0,0,0,0
07.00.00.a.r00,REGLE_DU_30¿¿me,PFALFA,1,0,0,0,0
07.00.00.a.r00,REGLE_DU_30¿¿me,MITHAN,1,0,0,0,0
07.00.00.a.r00,REGLE_DU_30¿¿me,BETONS,2,0,0,0,0
07.00.00.a.r00,REGLE_DU_30¿¿me,PENSIO,1,0,0,0,0
07.00.00.a.r00,REGLE_DU_30¿¿me,TRADAF,2,0,0,1,0
07.00.00.a.r00,REGLE_DU_30¿¿me,DPNOFF,1,0,0,0,0
07.00.00.a.r00,REGLE_DU_30¿¿me,ICMILI,1,0,0,0,0
07.00.00.a.r00,REGLE_DU_30¿¿me,IFGMED,1,0,0,0,0
07.00.00.a.r00,REGLE_DU_30¿¿me,PFARSN,1,0,0,0,0
07.00.00.a.r00,REGLE_DU_30¿¿me,SOLBAS,3,0,0,0,0
07.00.00.a.r00,REGLE_DU_30¿¿me,SUFARE,3,0,0,0,0
07.00.00.a.r00,REGLE_DU_30¿¿me,BRETIG,1,0,0,0,0
07.00.00.a.r00,REGLE_DU_30¿¿me,TRADAO,1,0,0,0,0
07.00.00.a.r00,REGLE_DU_30¿¿me,FORMAT,3,0,0,0,0
07.00.00.a.r00,REGLE_DU_30¿¿me,NBINDI,1,0,0,0,0
07.00.00.a.r00,REGLE_DU_30¿¿me,RUAMNC,1,0,0,0,0
07.00.00.a.r00,REGLE_DU_30¿¿me,SERVIC,1,0,0,0,0
07.00.00.a.r00,REGLE_DU_30¿¿me,SUFAMI,1,0,0,0,0
07.00.00.a.r00,REGLE_DU_30¿¿me,COMPRI,1,0,0,0,0
07.00.00.a.r00,REGLE_DU_30¿¿me,ELOIRT,1,0,1,0,0
07.00.00.a.r00,REGLE_DU_30¿¿me,EMBQMT,1,0,0,0,0
07.00.00.a.r00,REGLE_DU_30¿¿me,PCHANG,1,0,0,0,0
07.00.00.a.r00,REGLE_DU_30¿¿me,RECRUT,1,0,0,0,0
07.00.00.a.r00,REGLE_DU_30¿¿me,ELOIG1,1,0,0,0,0
07.18.00.c.r01,ELOI,COMICM,1,0,0,0,0
07.18.00.c.r01,ELOI,DEPOMC,1,0,0,1,0
07.18.00.c.r01,ELOI,RA_EL1,8,0,0,2,1
07.18.00.c.r01,ELOI,ELOIST,4,0,0,1,1
07.18.00.c.r01,ELOI,SOLBAS,3,0,0,0,0
07.18.00.c.r01,ELOI,DEPOME,1,0,0,0,0
07.18.00.c.r01,ELOI,FORMAT,2,0,0,0,0
07.18.00.c.r01,ELOI,AAIELO,4,0,0,1,1
07.18.00.c.r01,ELOI,RA_EL2,2,0,0,0,1
07.18.01.r.r01,ELOI,COMICM,1,0,0,0,0
07.18.01.r.r01,ELOI,DEPOMC,1,0,0,1,0
07.18.01.r.r01,ELOI,RA_EL1,8,0,0,2,1
07.18.01.r.r01,ELOI,ELOIST,4,0,0,1,1
07.18.01.r.r01,ELOI,SOLBAS,3,0,0,0,0
07.18.01.r.r01,ELOI,DEPOME,1,0,0,0,0
07.18.01.r.r01,ELOI,FORMAT,2,0,0,0,0
07.18.01.r.r01,ELOI,AAIELO,4,0,0,1,1
07.18.01.r.r01,ELOI,RA_EL2,2,0,0,0,1
07.18.00.d.r02,DETACH,DETACH,40,0,0,9,1
07.18.00.d.r02,DETACH,FORMAT,2,0,0,0,0
07.18.00.d.r02,DETACH,DETNET,7,0,0,3,1
07.18.00.d.r02,DETACH,ABAIND,1,0,0,0,0
07.00.00.a.r00,REPRET,REPRET,27,0,0,0,0
07.00.00.a.r00,REPRET,FORMAT,2,0,0,0,0
07.00.00.a.r00,REPRET,REPRES,17,0,0,0,0
07.19.02.a.r01,COSP,ICMILI,2,0,0,0,0
07.19.02.a.r01,COSP,SOLBAS,3,0,0,0,0
07.19.02.a.r01,COSP,COMPTE,2,0,0,0,0
07.19.02.a.r01,COSP,FORMAT,4,0,0,0,0
07.19.02.a.r01,IRCV,ICMILI,2,0,0,0,0
07.19.02.a.r01,IRCV,SOLBAS,3,0,0,1,0
07.19.02.a.r01,IRCV,COMPTE,2,0,0,0,0
07.19.02.a.r01,IRCV,FORMAT,4,0,0,0,0
07.19.00.a.r01,PRIOSC,COMPTE,6,0,0,2,0
07.19.00.a.r01,PRIOSC,FORMAT,4,0,0,0,0
07.00.00.a.r00,FPA,ICMILI,1,0,0,0,0
07.00.00.a.r00,FPA,SERVIC,8,0,0,8,0
07.00.00.a.r00,Imposition_PAS,PE_PAT,24,1,0,7,0
07.00.00.a.r00,Imposition_PAS,PE_PAS,32,1,0,9,0
07.00.00.a.r00,Imposition_PAS,FORMAT,2,0,0,0,0
07.18.00.d.r01,FPMIL,SOLTEC,2,0,0,0,0
07.18.00.d.r01,FPMIL,ICMIND,1,0,0,0,0
07.18.00.d.r01,FPMIL,ISATA1,2,0,0,0,0
07.18.00.d.r01,FPMIL,SOLYCE,3,0,0,1,0
07.18.00.d.r01,FPMIL,ICMILI,25,0,0,2,0
07.18.00.d.r01,FPMIL,ISAPN2,2,0,0,0,0
07.18.00.d.r01,FPMIL,SOLBAS,8,0,0,0,0
07.18.00.d.r01,FPMIL,FPAERO,8,0,0,2,0
07.18.00.d.r01,FPMIL,IJSAE2,3,0,0,2,0
07.18.00.d.r01,FPMIL,FPAETA,1,0,0,0,0
07.18.00.d.r01,FPMIL,FPMETA,32,1,0,4,1
07.18.00.d.r01,FPMIL,ISAPN1,2,0,0,0,0
07.18.00.d.r01,FPMIL,FORMAT,2,0,0,0,0
07.18.00.d.r01,FPMIL,ISATA2,2,0,0,0,0
07.18.00.d.r01,FPMIL,FPMILI,45,1,0,7,1
07.18.00.d.r01,FPMIL,IJSAE1,5,2,0,3,0
07.19.00.a.r01,REINST,SOLBAS,1,0,1,0,0
07.19.00.a.r01,REINST,ELDOM1,1,0,0,0,0
07.19.00.a.r01,REINST,FORMAT,2,0,0,0,0
07.19.00.a.r01,REINST,REINST,25,0,0,0,1
07.18.00.d.r02,DPNO,DETACH,6,1,0,4,0
07.18.00.d.r02,DPNO,DPNOFF,4,0,0,0,1
07.18.00.d.r02,DPNO,SOLBAS,2,0,0,0,0
07.18.00.d.r02,DPNO,FORMAT,2,0,0,0,0
07.18.00.d.r02,QAL76,QAGU54,3,0,0,0,0
07.18.00.d.r02,QAL76,QALI76,14,0,2,1,1
07.18.00.d.r02,QAL76,DETACH,4,3,0,1,0
07.18.00.d.r02,QAL76,SOLBAS,4,0,0,0,0
07.18.00.d.r02,QAL76,FORMAT,4,0,0,0,0
07.00.00.a.r00,CONGENT,FORMAT,2,0,0,0,0
07.00.00.a.r00,Gestion_des_cotisations,COMICM,1,0,0,1,0
07.00.00.a.r00,Gestion_des_cotisations,CPSAUT,4,0,0,0,0
07.00.00.a.r00,Gestion_des_cotisations,CSGXNI,1,0,0,0,0
07.00.00.a.r00,Gestion_des_cotisations,READET,1,0,0,0,0
07.00.00.a.r00,Gestion_des_cotisations,SUPICM,1,0,0,1,0
07.00.00.a.r00,Gestion_des_cotisations,PE_PAT,1,0,0,0,0
07.00.00.a.r00,Gestion_des_cotisations,SECUET,23,0,0,0,0
07.00.00.a.r00,Gestion_des_cotisations,PE_PAS,1,0,0,0,0
07.00.00.a.r00,Gestion_des_cotisations,PENSIO,2,0,0,0,0
07.00.00.a.r00,Gestion_des_cotisations,SOLIEX,1,0,0,0,0
07.00.00.a.r00,Gestion_des_cotisations,CRDSEX,1,0,0,0,0
07.00.00.a.r00,Gestion_des_cotisations,CSGXDE,1,0,0,0,0
07.00.00.a.r00,Gestion_des_cotisations,CSTERR,1,0,0,0,0
07.00.00.a.r00,Gestion_de_la_r¿¿troactivit¿¿,ASANDI,1,0,0,0,0
07.00.00.a.r00,Gestion_de_la_r¿¿troactivit¿¿,FPMILI,2,0,0,2,0
07.00.00.a.r00,Gestion_schema_comptable,FORMAT,2,0,0,0,0
07.18.00.b.r01,AOPER,READET,6,0,0,3,0
07.18.00.b.r01,AOPER,READAD,6,0,0,3,0
07.18.00.b.r01,AOPER,AOPERE,15,0,0,4,1
07.00.00.a.r00,INDEXDEG,FORMAT,4,0,0,0,0
07.17.00.d.r01,INSDOM,ELDOM2,22,0,0,2,1
07.17.00.d.r01,INSDOM,IDOMRT,4,0,0,0,1
07.17.00.d.r01,INSDOM,MITNBI,4,1,0,1,0
07.17.00.d.r01,INSDOM,CMEDOM,8,0,0,1,1
07.17.00.d.r01,INSDOM,ELDOM3,21,1,0,2,1
07.17.00.d.r01,INSDOM,ELOIST,1,0,0,0,0
07.17.00.d.r01,INSDOM,RA_DOM,3,0,0,0,1
07.17.00.d.r01,INSDOM,MAJFE2,12,0,0,1,1
07.17.00.d.r01,INSDOM,SOLBAS,4,0,0,0,0
07.17.00.d.r01,INSDOM,CEPDOM,12,0,0,1,1
07.17.00.d.r01,INSDOM,MAJFE1,17,0,0,1,1
07.17.00.d.r01,INSDOM,MAJFE3,11,0,0,2,1
07.17.00.d.r01,INSDOM,CMCDOM,8,0,0,1,1
07.17.00.d.r01,INSDOM,ELDOM1,21,0,0,2,1
07.17.00.d.r01,INSDOM,FORMAT,1,0,0,0,0
07.17.00.d.r01,INSDOM,MAJFC1,17,0,0,1,1
07.17.00.d.r01,INSDOM,MAJFC2,13,0,0,1,1
07.17.00.d.r01,INSDOM,NBINDI,4,1,0,0,0
07.17.00.d.r01,INSDOM,ELOIRT,1,0,0,0,0
07.17.00.d.r01,INSDOM,MAJFC3,12,0,0,2,1
07.20.00.c.r01,IAMS,PRIOSC,1,0,0,0,0
07.20.00.c.r01,IAMS,IAMSPE,21,0,0,1,1
07.20.00.c.r01,IAMS,SOLBAS,1,0,0,0,0
07.20.00.c.r01,IAMS,FORMAT,1,0,0,0,0
07.00.00.a.r00,REGLE_DU_30¿¿,COMICM,1,0,0,0,0
07.00.00.a.r00,REGLE_DU_30¿¿,ISAPBA,1,0,0,0,0
07.00.00.a.r00,REGLE_DU_30¿¿,PFCOFM,1,0,0,0,0
07.00.00.a.r00,REGLE_DU_30¿¿,PFALFA,1,0,0,0,0
07.00.00.a.r00,REGLE_DU_30¿¿,MITHAN,1,0,0,0,0
07.00.00.a.r00,REGLE_DU_30¿¿,BETONS,2,0,0,0,0
07.00.00.a.r00,REGLE_DU_30¿¿,PENSIO,1,0,0,0,0
07.00.00.a.r00,REGLE_DU_30¿¿,TRADAF,2,1,0,1,0
07.00.00.a.r00,REGLE_DU_30¿¿,DPNOFF,1,0,0,0,0
07.00.00.a.r00,REGLE_DU_30¿¿,ICMILI,1,0,0,0,0
07.00.00.a.r00,REGLE_DU_30¿¿,IFGMED,1,0,0,0,0
07.00.00.a.r00,REGLE_DU_30¿¿,PFARSN,1,0,0,0,0
07.00.00.a.r00,REGLE_DU_30¿¿,SOLBAS,3,0,0,0,0
07.00.00.a.r00,REGLE_DU_30¿¿,BRETIG,1,0,0,0,0
07.00.00.a.r00,REGLE_DU_30¿¿,FORMAT,2,0,0,0,0
07.00.00.a.r00,REGLE_DU_30¿¿,NBINDI,1,0,0,0,0
07.00.00.a.r00,REGLE_DU_30¿¿,RUAMNC,1,0,0,0,0
07.00.00.a.r00,REGLE_DU_30¿¿,SERVIC,1,0,0,0,0
07.00.00.a.r00,REGLE_DU_30¿¿,COMPRI,1,0,0,0,0
07.00.00.a.r00,REGLE_DU_30¿¿,EMBQMT,1,0,0,0,0
07.00.00.a.r00,REGLE_DU_30¿¿,PCHANG,1,0,0,0,0
07.00.00.a.r00,REGLE_DU_30¿¿,RECRUT,1,0,0,1,0
07.00.00.a.r00,REGLE_DU_30¿¿,ELOIG1,1,0,0,0,0
07.00.00.a.r00,REGLES_NON_CUMUL,RESETR,4,0,0,0,0
07.00.00.a.r00,REGLES_NON_CUMUL,CAMPAG,7,0,1,0,0
07.00.00.a.r00,REGLES_NON_CUMUL,ISATA1,2,0,0,0,0
07.00.00.a.r00,REGLES_NON_CUMUL,ISAPN1,1,0,1,0,0
07.00.00.a.r00,REGLES_NON_CUMUL,FORMAT,2,0,0,0,0
07.00.00.a.r00,REGLES_NON_CUMUL,ASANDI,2,0,0,0,0
07.00.00.a.r00,REGLES_NON_CUMUL,CAMPAS,2,0,0,0,0
07.18.00.b.r01,CAMP,RESETR,1,0,0,1,0
07.18.00.b.r01,CAMP,CAMPSP,9,0,0,7,1
07.18.00.b.r01,CAMP,SMARIN,1,0,0,1,0
07.18.00.b.r01,CAMP,CAMPAC,9,0,0,6,1
07.18.00.b.r01,CAMP,FORMAT,1,0,0,0,0
07.18.00.b.r01,CAMP,AOPERS,3,0,0,2,0
07.18.00.b.r01,CAMP,CAMPAS,11,0,0,6,1
07.18.01.a.r01,PFARS,PFRSDI,11,0,0,5,1
07.18.01.a.r01,PFARS,PFRSNI,16,0,0,8,1
07.17.00.d.r01,QAL64,QALI04,1,0,0,1,0
07.17.00.d.r01,QAL64,QALI76,1,0,0,1,0
07.17.00.d.r01,QAL64,SOLBAS,1,0,0,0,0
07.17.00.d.r01,QAL64,QALI64,9,0,0,3,1
07.17.00.d.r01,QAL64,FORMAT,1,0,0,0,0
07.17.00.d.r01,QAL64,QAHT54,1,0,0,1,0
07.00.00.a.r00,OPPOSITIONS,FORMAT,1,0,0,0,0
07.00.00.a.r00,Gestion_des_imputations_budg¿¿taires,AOPERS,19,6,0,6,0
07.00.00.a.r00,Gestion_des_imputations_budg¿¿taires,CAMPAS,12,1,0,4,0
07.19.02.a.r01,ACMOBGEO,ACMOGC,20,0,0,13,1
07.19.02.a.r01,ACMOBGEO,FORMAT,3,0,0,0,0
07.00.00.a.r00,IMPOSITION_PAS,PE_PAT,68,0,0,3,0
07.00.00.a.r00,IMPOSITION_PAS,PE_PAS,86,0,0,5,0
07.00.00.a.r00,IMPOSITION_PAS,FORMAT,6,0,0,0,0
07.00.00.a.r00,Gestion_des_Cotisations,CPSAUT,1,0,0,0,0
07.00.00.a.r00,Gestion_des_Cotisations,CSGXNI,1,0,0,1,0
07.00.00.a.r00,Gestion_des_Cotisations,READET,1,0,0,0,0
07.00.00.a.r00,Gestion_des_Cotisations,PE_PAT,1,0,0,1,0
07.00.00.a.r00,Gestion_des_Cotisations,SECUET,23,0,0,1,0
07.00.00.a.r00,Gestion_des_Cotisations,PE_PAS,1,0,0,1,0
07.00.00.a.r00,Gestion_des_Cotisations,PENSIO,4,2,0,1,0
07.00.00.a.r00,Gestion_des_Cotisations,SOLIEX,1,0,0,1,0
07.00.00.a.r00,Gestion_des_Cotisations,CRDSEX,1,0,0,1,0
07.00.00.a.r00,Gestion_des_Cotisations,CSGXDE,1,0,0,1,0
07.00.00.a.r00,Gestion_des_Cotisations,CSTERR,1,0,0,1,0
07.00.00.a.r00,Gestion_des_Cotisations,ICMILI,10,0,0,1,0
07.00.00.a.r00,Gestion_des_Cotisations,SOLBAS,46,2,0,1,0
07.00.00.a.r00,Gestion_des_Cotisations,CNAFET,1,0,0,0,0
07.00.00.a.r00,Gestion_des_Cotisations,CSGDDC,2,0,0,2,0
07.00.00.a.r00,Gestion_des_Cotisations,FPAERO,2,0,0,1,0
07.00.00.a.r00,Gestion_des_Cotisations,SOLIDA,3,0,0,2,0
07.00.00.a.r00,Gestion_des_Cotisations,COFNAU,1,1,0,0,0
07.00.00.a.r00,Gestion_des_Cotisations,CTMAYO,1,0,0,0,0
07.00.00.a.r00,Gestion_des_Cotisations,FISCET,1,0,0,1,0
07.00.00.a.r00,Gestion_des_Cotisations,READAD,2,0,0,1,0
07.00.00.a.r00,Gestion_des_Cotisations,IMPOTA,1,0,0,1,0
07.00.00.a.r00,Gestion_des_Cotisations,CSGNDC,2,0,0,2,0
07.00.00.a.r00,Gestion_des_Cotisations,CSGNIM,2,0,0,2,0
07.00.00.a.r00,Gestion_des_Cotisations,CSGXND,1,0,0,1,0
07.00.00.a.r00,Gestion_des_Cotisations,FPMILI,2,0,0,1,0
07.00.00.a.r00,Gestion_des_Cotisations,PENSET,2,1,0,0,0
07.00.00.a.r00,Gestion_des_Cotisations,SECUSO,22,0,0,1,0
07.15.00.a.r01,PFCOFA,PFCORD,1,0,0,1,1
07.00.00.a.r00,Gestion_schema_comptable,SOLDIN,1,0,0,1,0
07.00.00.a.r00,Gestion_schema_comptable,CAMPAS,2,0,0,2,0
07.00.00.a.r00,IMPOSITION,PE_PAT,2,0,0,2,0
07.00.00.a.r00,IMPOSITION,PE_PAS,2,0,0,2,0
07.00.00.a.r00,IMPOSITION,SOLIDF,1,0,0,0,0
07.00.00.a.r00,IMPOSITION,SUFFIC,2,0,0,0,0
07.00.00.a.r00,IMPOSITION,FORMAT,3,0,0,0,0
07.19.01.a.r01,FISC,PE_PAS,2,0,0,2,0
07.19.01.a.r01,FISC,FORMAT,1,0,0,0,0
07.00.00.a.r00,AVAE,FORMAT,3,0,0,0,0
07.14.00.a.r01,MFE,SOLBAS,18,0,0,0,0
07.00.00.a.r00,IAC,CTMAYO,3,0,0,0,0
07.00.00.a.r00,IAC,IABCUM,59,3,0,11,0
07.00.00.a.r00,IAC,FORMAT,4,0,0,0,0
07.00.00.a.r00,GARDE_NATIONALE,ALLRES,60,0,0,2,0
07.00.00.a.r00,GARDE_NATIONALE,PERMRE,58,0,0,0,0
07.00.00.a.r00,GARDE_NATIONALE,FIDRES,29,0,0,2,0
07.20.01.a.r01,TAOPC,TAOPCO,14,0,0,0,1
07.20.01.a.r01,TAOPC,FORMAT,2,0,0,0,0
07.14.01.a.r01,CAMP,RESETR,1,0,0,0,0
07.14.01.a.r01,CAMP,CAMPSP,18,5,2,10,1
07.14.01.a.r01,CAMP,SMARIN,1,0,0,0,0
07.14.01.a.r01,CAMP,CAMPAC,8,0,0,0,1
07.14.01.a.r01,CAMP,FORMAT,1,0,0,0,0
07.14.01.a.r01,CAMP,CAMPAS,8,0,0,0,1
07.14.01.a.r01,PENS,FORMAT,4,0,0,0,0
07.00.00.a.r00,REGLES_NON_CUMUL,COMICM,1,0,0,1,0
07.00.00.a.r00,REGLES_NON_CUMUL,SERVMA,1,0,0,1,0
07.00.00.a.r00,REGLES_NON_CUMUL,MITHAN,1,0,0,1,0
07.00.00.a.r00,REGLES_NON_CUMUL,MITISS,1,0,0,1,0
07.00.00.a.r00,REGLES_NON_CUMUL,MITSPE,1,0,0,1,0
07.00.00.a.r00,MAERO,MAERON,32,2,0,1,0
07.00.00.a.r00,MAERO,FORMAT,6,0,0,0,0
07.00.00.a.r00,MAERO,SERVIC,16,0,0,4,0
07.15.00.a.r01,NBI,MITNBI,2,0,0,0,0
07.15.00.a.r01,NBI,NBIIND,4,0,0,0,1
07.15.00.a.r01,NBI,RESMET,2,0,0,0,0
07.15.00.a.r01,NBI,SUFRED,1,0,0,0,0
07.15.00.a.r01,NBI,SUNBIN,2,0,0,0,0
07.15.00.a.r01,NBI,SOLBAS,3,0,0,0,0
07.15.00.a.r01,NBI,SUFARE,3,0,0,0,0
07.15.00.a.r01,NBI,SUINBD,4,0,0,0,0
07.15.00.a.r01,NBI,SUNBIR,3,0,0,0,0
07.15.00.a.r01,NBI,SUNBRI,4,0,0,0,0
07.15.00.a.r01,NBI,SUNBRD,6,0,0,0,0
07.15.00.a.r01,NBI,FORMAT,2,0,0,0,0
07.15.00.a.r01,NBI,NBINDI,9,0,0,0,1
07.15.00.a.r01,NBI,RESNBI,6,0,0,0,0
07.15.00.a.r01,NBI,SUFAMI,6,0,0,0,0
07.15.00.a.r01,NBI,SUFNBI,8,0,0,0,0
07.18.01.a.r01,PFARS,FORMAT,4,0,0,0,0
07.14.02.a.r01,SMA,FORMAT,2,0,0,0,0
07.14.02.a.r01,COFSMA,SMARIN,2,0,0,0,0
07.14.02.a.r01,COFSMA,COFSMA,38,0,0,0,1
07.14.02.a.r01,COFSMA,FORMAT,2,0,0,0,0
07.09.00.c.r01,PFASF,PFSFIN,1,0,0,0,1
07.09.00.c.r01,PFASF,PFRSFR,2,0,0,1,1
07.09.00.c.r01,PFASF,PFSFRE,3,1,0,1,1
07.09.00.c.r01,PFASF,PFASFR,3,0,0,1,1
07.09.00.c.r01,PFASF,PFASFA,5,2,0,1,1
07.09.00.c.r01,PFASF,COMPTE,6,0,0,0,0
07.09.00.c.r01,PFASF,FORMAT,2,0,0,0,0
07.09.00.c.r01,PFASF,PFSFRI,2,0,0,1,1
07.09.00.c.r01,PFASF,PFISFR,1,0,0,0,1
07.09.00.c.r01,PFASF,PFIRSF,2,0,0,1,1
07.00.00.a.r00,SOLDBASE,SOLTEC,5,0,0,0,0
07.00.00.a.r00,SOLDBASE,SOLYCE,6,0,0,0,0
07.00.00.a.r00,SOLDBASE,SOLBAS,10,0,0,0,1
07.00.00.a.r00,SOLDBASE,FORMAT,2,0,0,0,0
07.00.00.a.r00,SOLDBASE,SOLDIN,5,0,0,0,1
07.18.00.a.r01,COMICM,DETACH,2,0,0,2,0
07.18.00.a.r01,SUPICM,DETACH,2,0,0,2,0
07.00.00.a.r00,COMPCSG,SOLTEC,12,0,2,5,0
07.00.00.a.r00,COMPCSG,SOLYCE,9,0,2,2,0
07.00.00.a.r00,COMPCSG,SOLBAS,13,0,2,4,0
07.00.00.a.r00,COMPCSG,CSGDDC,26,1,1,2,0
07.00.00.a.r00,COMPCSG,SOLIDA,3,0,0,0,0
07.00.00.a.r00,COMPCSG,CTMAYO,6,3,0,0,0
07.00.00.a.r00,COMPCSG,FORMAT,8,0,0,2,0
07.00.00.a.r00,COMPCSG,RUAMNC,2,1,0,0,0
07.00.00.a.r00,COMPCSG,CSGNIM,10,0,1,1,0
07.00.00.a.r00,COMPCSG,SECUSO,2,1,0,0,0
07.15.00.c.r01,PFAEEH,PFAPCF,1,0,0,1,0
07.15.00.c.r01,PFAEEH,PFMARI,1,0,0,1,0
07.15.00.c.r01,PFAEEH,PFCORI,1,0,0,1,0
07.15.00.c.r01,PFAEEH,FORMAT,2,0,0,0,0
07.15.00.c.r01,PFAEEH,PFARIN,1,0,0,1,1
07.15.01.a.r01,LOGAMDOM,LOGDOM,8,0,0,0,1
07.15.01.a.r01,LOGAMDOM,FORMAT,2,0,0,0,0
07.17.00.d.r01,LOGET,RESETR,2,0,0,0,0
07.17.00.d.r01,LOGET,SUFETR,2,0,0,0,0
07.17.00.d.r01,LOGET,SOLBAS,4,0,0,2,0
07.17.00.d.r01,LOGET,MAJREV,2,0,0,0,0
07.17.00.d.r01,LOGET,LOGETR,32,0,0,5,1
07.17.00.d.r01,LOGET,MAJETR,5,0,0,1,0
07.17.00.d.r01,LOGET,FORMAT,4,0,0,0,0
07.00.00.a.r00,CARENCE,BETONS,1,0,0,0,0
07.00.00.a.r00,CARENCE,SOLBAS,1,0,1,0,0
07.00.00.a.r00,CARENCE,BRETIG,1,0,0,0,0
07.00.00.a.r00,CARENCE,FORMAT,2,0,0,0,0
07.00.00.a.r00,CONGBLESS,FORMAT,4,0,0,0,0
07.00.00.a.r00,AVEHIC,FORMAT,6,0,0,0,0
07.00.00.a.r00,IMPOTAAF,CSTERR,1,1,0,0,0
07.00.00.a.r00,IMPOTAAF,FORMAT,2,0,0,0,0
07.00.00.a.r00,IMPOTAAF,IMPOTA,34,0,0,3,0
07.18.00.a.r01,ASANDIC,RASAND,31,1,0,9,1
07.18.00.a.r01,ASANDIC,COMPTE,2,0,0,0,0
07.18.00.a.r01,ASANDIC,FORMAT,4,0,0,0,0
07.18.00.a.r01,ASANDIC,ASANDI,164,2,4,16,1
07.00.00.a.r00,Centre_de_Co¿¿ts,FORMAT,2,0,0,0,0
07.16.01.a.r01,CTMAYO,RPSMAY,14,0,0,0,0
07.16.01.a.r01,CTMAYO,CTMAYO,30,0,0,0,1
07.16.01.a.r01,CTMAYO,FORMAT,2,0,0,0,0
07.16.01.a.r01,ISATAP,ISATA1,14,3,0,0,1
07.16.01.a.r01,ISATAP,SOLBAS,3,0,0,0,0
07.16.01.a.r01,ISATAP,FORMAT,2,0,0,0,0
07.16.01.a.r01,ISATAP,ISATA2,9,1,0,0,1
07.16.01.a.r01,ISATAP,SERVIC,3,0,0,0,0
07.00.00.a.r00,COMPCSG,RECRUT,2,0,0,2,0
07.00.00.a.r00,IGAH,IFGMED,18,2,0,0,0
07.00.00.a.r00,IGAH,FORMAT,5,0,0,0,0
07.17.00.a.r01,INSMET,SECUET,1,0,1,0,0
07.17.00.a.r01,INSMET,FORMAT,2,0,0,0,0
07.19.00.b.r01,SERV,SERVMA,2,0,0,0,1
07.19.00.b.r01,SERV,SOLYCE,2,0,0,0,0
07.19.00.b.r01,SERV,SOLBAS,1,0,0,0,0
07.19.00.b.r01,SERV,FORMAT,2,0,0,0,0
07.19.00.b.r01,SERV,SERVIC,14,0,0,1,1
07.17.00.a.r01,IAMS,DETACH,2,0,0,2,0
07.17.00.a.r01,IAMS,PRIOSC,1,0,0,0,0
07.17.00.a.r01,IAMS,IAMSPE,21,1,0,1,1
07.17.00.a.r01,IAMS,SOLBAS,1,0,0,0,0
07.17.00.a.r01,IAMS,FORMAT,2,0,0,0,0
07.17.00.a.r01,DPNO,DETACH,2,0,0,2,0
07.17.00.a.r01,DPNO,FORMAT,2,0,0,0,0
07.00.00.a.r00,LOGCOM,NBIIND,2,1,0,0,0
07.00.00.a.r00,LOGCOM,SOLTEC,2,1,0,0,0
07.00.00.a.r00,LOGCOM,LOGTOM,26,2,0,3,0
07.00.00.a.r00,LOGCOM,SOLYCE,2,1,0,0,0
07.00.00.a.r00,LOGCOM,LOGTOD,23,2,0,3,0
07.00.00.a.r00,LOGCOM,SOLBAS,21,1,0,4,0
07.00.00.a.r00,LOGCOM,FORMAT,6,0,0,0,0
07.00.00.a.r00,LOGCOM,NBINDI,3,0,0,0,0
07.00.00.a.r00,LOGCOM,SOLDIN,3,0,0,1,0
07.19.02.r.r01,QAL76,QAGU54,2,0,0,0,0
07.19.02.r.r01,QAL76,QALI76,7,0,0,0,1
07.19.02.r.r01,QAL76,DETACH,2,0,0,0,0
07.19.02.r.r01,QAL76,SOLBAS,2,0,0,0,0
07.19.02.r.r01,QAL76,FORMAT,2,0,0,0,0
07.17.00.b.r01,QAL04,QALI04,7,0,0,0,1
07.17.00.b.r01,QAL04,QA04IN,1,0,0,0,1
07.17.00.b.r01,QAL04,QALI64,1,0,0,0,0
07.17.00.b.r01,QAL04,FORMAT,2,0,0,0,0
07.17.00.b.r01,QAL68,QALI68,10,0,0,0,1
07.17.00.b.r01,QAL68,SOLBAS,2,0,0,0,0
07.17.00.b.r01,QAL68,FORMAT,2,0,0,0,0
07.17.00.b.r01,CSCHMI,CSCHMI,31,0,0,0,1
07.17.00.b.r01,CSCHMI,FORMAT,2,0,0,0,0
07.17.00.d.r01,QAL54,QAGU54,12,0,0,1,1
07.17.00.d.r01,QAL54,QALI76,1,0,0,1,0
07.17.00.d.r01,QAL54,QATP54,6,0,0,0,1
07.17.00.d.r01,QAL54,DETACH,2,0,0,0,0
07.17.00.d.r01,QAL54,SOLBAS,4,0,0,0,0
07.17.00.d.r01,QAL54,QRTP54,5,1,0,1,1
07.17.00.d.r01,QAL54,FORMAT,2,0,0,0,0
07.17.00.d.r01,QAL54,LANGET,1,0,0,1,0
07.17.00.d.r01,QAL54,QAHT54,9,0,0,0,1
07.17.00.d.r01,QAL54,QAOF54,9,0,0,1,1
07.00.00.a.r00,Gestion_des_imputations_budg¿¿taires,REPOPX,8,0,0,4,0
07.17.00.c.r01,DIFF,RESMET,1,0,0,0,0
07.17.00.c.r01,DIFF,QALI76,3,0,0,0,0
07.17.00.c.r01,DIFF,SERVMA,3,0,0,0,0
07.17.00.c.r01,DIFF,TAOPCO,1,0,0,0,0
07.17.00.c.r01,DIFF,FORMAT,2,0,0,0,0
07.00.00.a.r00,FPA,ISATA1,6,0,0,0,0
07.00.00.a.r00,FPA,ISAPN2,6,0,0,0,0
07.00.00.a.r00,FPA,SOLBAS,10,0,0,0,0
07.00.00.a.r00,FPA,FPAERO,76,0,1,6,0
07.00.00.a.r00,FPA,IJSAE2,13,0,0,3,0
07.00.00.a.r00,FPA,FPAETA,33,0,1,0,0
07.00.00.a.r00,FPA,FPMETA,3,0,1,0,0
07.00.00.a.r00,FPA,ISAPN1,6,0,0,0,0
07.00.00.a.r00,FPA,FORMAT,4,0,0,0,0
07.00.00.a.r00,FPA,ISATA2,6,0,0,0,0
07.00.00.a.r00,FPA,FPMILI,9,0,0,4,0
07.00.00.a.r00,FPA,IJSAE1,12,0,0,4,0
07.17.00.c.r01,FPMIL,SOLTEC,2,0,0,0,0
07.17.00.c.r01,FPMIL,ICMIND,1,0,0,0,0
07.17.00.c.r01,FPMIL,ISATA1,2,0,0,0,0
07.17.00.c.r01,FPMIL,SOLYCE,2,0,0,0,0
07.17.00.c.r01,FPMIL,ICMILI,22,0,0,0,0
07.17.00.c.r01,FPMIL,ISAPN2,2,0,0,0,0
07.17.00.c.r01,FPMIL,SOLBAS,8,0,0,0,0
07.17.00.c.r01,FPMIL,FPAERO,5,0,0,0,0
07.17.00.c.r01,FPMIL,IJSAE2,2,0,0,0,0
07.17.00.c.r01,FPMIL,FPAETA,1,0,0,0,0
07.17.00.c.r01,FPMIL,FPMETA,30,0,0,1,1
07.17.00.c.r01,FPMIL,ISAPN1,2,0,0,0,0
07.17.00.c.r01,FPMIL,FORMAT,2,0,0,0,0
07.17.00.c.r01,FPMIL,ISATA2,2,0,0,0,0
07.17.00.c.r01,FPMIL,FPMILI,39,0,0,1,1
07.17.00.c.r01,FPMIL,IJSAE1,2,0,0,0,0
07.17.00.c.r01,MICM,ICMILI,2,0,0,0,0
07.17.00.c.r01,MICM,SOLBAS,6,0,0,0,0
07.17.00.c.r01,MICM,FORMAT,2,0,0,0,0
07.00.00.a.r00,QS,OP_FOP,2,0,0,0,0
07.00.00.a.r00,QS,RETCIV,1,0,0,0,0
07.00.00.a.r00,QS,PE_PAS,3,0,0,3,0
07.00.00.a.r00,QS,OP_ALI,1,0,0,0,0
07.00.00.a.r00,QS,OP_FAL,1,0,0,0,0
07.00.00.a.r00,QS,ETUDES,1,0,0,0,0
07.00.00.a.r00,QS,FORMAT,2,0,0,0,0
07.00.00.a.r00,QS,OP_AAL,1,0,0,0,0
07.17.03.r.r01,DIFF,QALI76,4,0,0,0,0
07.17.03.r.r01,DIFF,SERVMA,4,0,0,0,0
07.17.03.r.r01,DIFF,FORMAT,2,0,0,0,0
07.18.01.r.r01,INSDOM,ELDOM2,39,0,1,6,1
07.18.01.r.r01,INSDOM,IDOMRT,4,0,0,0,1
07.18.01.r.r01,INSDOM,MITNBI,5,1,0,1,0
07.18.01.r.r01,INSDOM,CMEDOM,7,1,1,0,1
07.18.01.r.r01,INSDOM,ELIDO1,10,0,0,3,1
07.18.01.r.r01,INSDOM,CEPIDO,1,0,0,0,1
07.18.01.r.r01,INSDOM,ELDOM3,32,0,1,4,1
07.18.01.r.r01,INSDOM,ELOIST,1,0,0,0,0
07.18.01.r.r01,INSDOM,MAJIC2,5,0,0,1,1
07.18.01.r.r01,INSDOM,MAJIE1,7,0,0,2,1
07.18.01.r.r01,INSDOM,RA_DOM,2,0,0,0,1
07.18.01.r.r01,INSDOM,CMCIDO,1,0,0,0,1
07.18.01.r.r01,INSDOM,MAJFE2,19,1,0,3,1
07.18.01.r.r01,INSDOM,MAJIC3,2,0,0,0,1
07.18.01.r.r01,INSDOM,MAJIE2,5,0,0,1,1
07.18.01.r.r01,INSDOM,MAJIE3,2,0,0,0,1
07.18.01.r.r01,INSDOM,SOLBAS,25,5,2,8,0
07.18.01.r.r01,INSDOM,CEPDOM,15,2,0,0,1
07.18.01.r.r01,INSDOM,ELIDO2,5,0,0,1,1
07.18.01.r.r01,INSDOM,MAJFE1,22,1,0,4,1
07.18.01.r.r01,INSDOM,MAJFE3,12,1,1,1,1
07.18.01.r.r01,INSDOM,CMCDOM,7,1,0,0,1
07.18.01.r.r01,INSDOM,ELDOM1,46,0,1,10,1
07.18.01.r.r01,INSDOM,FORMAT,2,0,0,0,0
07.18.01.r.r01,INSDOM,MAJFC1,22,1,0,4,1
07.18.01.r.r01,INSDOM,MAJFC2,18,1,0,2,1
07.18.01.r.r01,INSDOM,NBINDI,6,1,0,0,0
07.18.01.r.r01,INSDOM,ELOIRT,1,0,0,0,0
07.18.01.r.r01,INSDOM,CMEIDO,1,0,0,0,1
07.18.01.r.r01,INSDOM,ELIDO3,2,0,0,0,1
07.18.01.r.r01,INSDOM,MAJFC3,11,1,0,0,1
07.18.01.r.r01,INSDOM,MAJIC1,7,0,0,2,1
07.17.00.d.r01,ISSA,ISINAB,4,0,0,0,1
07.17.00.d.r01,ISSA,ISSAER,6,0,0,0,1
07.17.00.d.r01,ISSA,ISSIND,3,0,0,0,1
07.17.00.d.r01,ISSA,SOLBAS,2,0,0,0,0
07.17.00.d.r01,ISSA,ISSABO,4,0,0,0,1
07.17.00.d.r01,ISSA,FORMAT,2,0,0,0,0
07.17.00.d.r01,ISSA,SERVIC,5,0,0,1,0
07.14.00.a.r01,MFE,RUAMET,1,0,0,0,0
07.14.00.a.r01,MFE,FORMAT,4,0,0,0,0
07.14.00.a.r01,MFE,RUAMNC,1,0,0,0,0
07.20.00.c.r01,SUFE,SUFRED,1,0,0,1,0
07.20.00.c.r01,SUFE,FORMAT,4,0,0,0,0
07.17.00.d.r01,QAL04,QALI04,7,0,0,1,1
07.17.00.d.r01,QAL04,QA04IN,2,0,0,1,1
07.17.00.d.r01,QAL04,QALI68,1,0,0,1,0
07.17.00.d.r01,QAL04,FORMAT,2,0,0,0,0
07.18.00.r.r01,PFAEEH,PFAPCF,1,1,0,0,0
07.18.00.r.r01,PFAEEH,PFMARI,1,0,0,0,0
07.18.00.r.r01,PFAEEH,PFAIND,2,0,0,0,1
07.18.00.r.r01,PFAEEH,PFCORI,1,0,0,0,0
07.18.00.r.r01,PFAEEH,PFMAEH,4,1,0,0,0
07.18.00.r.r01,PFAEEH,PFAESR,1,0,0,0,1
07.18.00.r.r01,PFAEEH,PFCOMR,1,0,0,0,0
07.18.00.r.r01,PFAEEH,PFMAEI,2,0,0,0,0
07.18.00.r.r01,PFAEEH,PFMARE,1,0,0,0,0
07.18.00.r.r01,PFAEEH,PFCOIN,2,0,0,0,0
07.18.00.r.r01,PFAEEH,FORMAT,2,0,0,0,0
07.18.00.r.r01,PFAEEH,PFARIN,1,0,0,0,1
07.18.00.r.r01,PFAEEH,ASANDI,1,0,0,0,0
07.18.00.r.r01,PFAEEH,PFAESP,5,0,0,0,1
07.18.00.r.r01,PFAEEH,PFCOMA,5,0,0,0,0
07.00.00.a.r00,GARDE_NATIONALE,FORMAT,2,0,0,0,0
07.19.01.a.r01,MICM,ICMILI,6,0,0,0,0
07.19.01.a.r01,MICM,SOLBAS,18,0,0,0,0
07.19.01.a.r01,MICM,FORMAT,6,0,0,0,0
07.20.00.a.r01,PAJE,PAJADI,1,0,0,1,1
07.20.00.a.r01,PAJE,PAJABA,19,0,0,3,1
07.20.00.a.r01,PAJE,PAJINA,1,0,0,1,1
07.20.00.a.r01,PAJE,PAJADO,5,0,0,1,1
07.20.00.a.r01,PAJE,PAJNAI,8,0,0,1,1
07.20.00.a.r01,PAJE,PAJPAR,8,0,0,2,1
07.20.00.a.r01,PAJE,PAJABP,12,0,1,2,1
07.20.00.a.r01,PAJE,PAJAPI,1,0,0,0,1
07.20.00.a.r01,PAJE,PAJPAM,7,0,0,3,1
07.20.00.a.r01,PAJE,PAJPMI,1,0,0,0,1
07.20.00.a.r01,PAJE,COMPTE,1,0,0,0,0
07.20.00.a.r01,PAJE,FORMAT,2,0,0,0,0
07.20.00.a.r01,PAJE,PAJPAI,2,0,0,1,1
07.20.00.a.r01,PAJE,PAJABI,2,0,0,0,1
07.00.00.a.r00,Gestion_des_cotisations,ICMILI,10,0,0,0,0
07.00.00.a.r00,Gestion_des_cotisations,SOLBAS,44,0,0,0,0
07.00.00.a.r00,Gestion_des_cotisations,PRESTP,1,0,0,0,0
07.00.00.a.r00,Gestion_des_cotisations,CNAFET,1,0,0,0,0
07.00.00.a.r00,Gestion_des_cotisations,CSGDDC,3,0,0,1,0
07.00.00.a.r00,Gestion_des_cotisations,FPAERO,2,0,0,0,0
07.00.00.a.r00,Gestion_des_cotisations,SOLIDA,3,0,0,0,0
07.00.00.a.r00,Gestion_des_cotisations,COFNAU,1,0,0,0,0
07.00.00.a.r00,Gestion_des_cotisations,CTMAYO,4,0,0,0,0
07.00.00.a.r00,Gestion_des_cotisations,FISCET,1,0,0,0,0
07.00.00.a.r00,Gestion_des_cotisations,READAD,2,0,0,0,0
07.00.00.a.r00,Gestion_des_cotisations,FORMAT,2,0,0,0,0
07.00.00.a.r00,Gestion_des_cotisations,IMPOTA,2,0,0,0,0
07.00.00.a.r00,Gestion_des_cotisations,PREASI,1,0,0,0,0
07.00.00.a.r00,Gestion_des_cotisations,CSGNDC,3,0,0,1,0
07.00.00.a.r00,Gestion_des_cotisations,CSGNIM,3,0,0,2,0
07.00.00.a.r00,Gestion_des_cotisations,CSGXND,1,0,0,0,0
07.00.00.a.r00,Gestion_des_cotisations,FPMILI,2,0,0,0,0
07.00.00.a.r00,Gestion_des_cotisations,PENSET,1,0,0,0,0
07.00.00.a.r00,Gestion_des_cotisations,SECUSO,22,0,0,0,0
07.19.00.c.r01,TAOPC,TAOPCO,38,0,0,3,1
07.19.00.c.r01,TAOPC,FORMAT,4,0,0,0,0
07.20.00.a.r01,ELOI,COMICM,2,0,0,0,0
07.20.00.a.r01,ELOI,DEPOMC,2,0,0,2,0
07.20.00.a.r01,ELOI,RA_EL1,16,0,0,0,1
07.20.00.a.r01,ELOI,ELOIST,15,0,0,4,1
07.20.00.a.r01,ELOI,SOLBAS,6,0,0,0,0
07.20.00.a.r01,ELOI,DEPOME,2,0,0,0,0
07.20.00.a.r01,ELOI,FORMAT,4,0,0,0,0
07.20.00.a.r01,ELOI,AAIELO,8,0,0,0,1
07.20.00.a.r01,ELOI,RA_EL2,4,0,0,0,1
07.19.00.c.r01,IAMS,DETACH,4,2,0,2,0
07.19.00.c.r01,IAMS,PRIOSC,2,0,0,0,0
07.19.00.c.r01,IAMS,IAMSPE,48,0,0,4,1
07.19.00.c.r01,IAMS,SOLBAS,2,0,0,0,0
07.19.00.c.r01,IAMS,FORMAT,4,0,0,0,0
07.19.00.c.r01,INSDOM,DEPOMC,1,0,0,1,0
07.19.00.c.r01,INSDOM,ELDOM2,44,0,0,6,1
07.19.00.c.r01,INSDOM,IDOMRT,9,1,0,5,1
07.19.00.c.r01,INSDOM,MITNBI,4,0,0,0,0
07.19.00.c.r01,INSDOM,CMEDOM,6,0,0,1,1
07.19.00.c.r01,INSDOM,ELIDO1,11,0,0,0,1
07.19.00.c.r01,INSDOM,CEPIDO,2,0,0,0,1
